image,grid,tokens,kept_now,kept_with_floor
chartqa_images/1.jpg,21x30,630,130,130
chartqa_images/2.jpg,21x30,630,130,130
chartqa_images/3.jpg,21x30,630,130,130
chartqa_images/4.jpg,21x30,630,130,130
chartqa_images/5.jpg,12x11,132,27,64
chartqa_images/6.jpg,12x11,132,27,64
chartqa_images/7.jpg,14x11,154,31,64
chartqa_images/8.jpg,14x11,154,31,64
chartqa_images/9.jpg,28x30,840,173,173
chartqa_images/10.jpg,28x30,840,173,173
chartqa_images/11.jpg,21x30,630,130,130
chartqa_images/12.jpg,21x30,630,130,130
chartqa_images/13.jpg,13x11,143,29,64
chartqa_images/14.jpg,13x11,143,29,64
chartqa_images/15.jpg,11x16,176,36,64
chartqa_images/16.jpg,11x16,176,36,64
chartqa_images/17.jpg,21x30,630,130,130
chartqa_images/18.jpg,21x30,630,130,130
chartqa_images/19.jpg,21x30,630,130,130
chartqa_images/20.jpg,21x30,630,130,130
chartqa_images/21.jpg,21x30,630,130,130
chartqa_images/22.jpg,21x30,630,130,130
chartqa_images/23.jpg,29x22,638,132,132
chartqa_images/24.jpg,29x22,638,132,132
chartqa_images/25.jpg,17x11,187,38,64
chartqa_images/26.jpg,17x11,187,38,64
chartqa_images/27.jpg,12x7,84,17,64
chartqa_images/28.jpg,12x7,84,17,64
chartqa_images/29.jpg,16x15,240,49,64
chartqa_images/30.jpg,16x15,240,49,64
chartqa_images/31.jpg,18x31,558,115,115
chartqa_images/32.jpg,18x31,558,115,115
chartqa_images/33.jpg,20x15,300,62,64
chartqa_images/34.jpg,20x15,300,62,64
chartqa_images/35.jpg,18x31,558,115,115
chartqa_images/36.jpg,18x31,558,115,115
chartqa_images/37.jpg,24x15,360,74,74
chartqa_images/38.jpg,24x15,360,74,74
chartqa_images/39.jpg,13x7,91,18,64
chartqa_images/40.jpg,13x7,91,18,64
chartqa_images/41.jpg,21x22,462,95,95
chartqa_images/42.jpg,21x22,462,95,95
chartqa_images/43.jpg,10x11,110,22,64
chartqa_images/44.jpg,10x11,110,22,64
chartqa_images/45.jpg,12x15,180,37,64
chartqa_images/46.jpg,12x15,180,37,64
chartqa_images/47.jpg,18x7,126,26,64
chartqa_images/48.jpg,18x7,126,26,64
chartqa_images/49.jpg,15x11,165,34,64
chartqa_images/50.jpg,15x11,165,34,64
chartqa_images/51.jpg,19x11,209,43,64
chartqa_images/52.jpg,19x11,209,43,64
chartqa_images/53.jpg,11x15,165,34,64
chartqa_images/54.jpg,11x15,165,34,64
chartqa_images/55.jpg,14x8,112,23,64
chartqa_images/56.jpg,14x8,112,23,64
chartqa_images/57.jpg,14x11,154,31,64
chartqa_images/58.jpg,14x11,154,31,64
chartqa_images/59.jpg,21x30,630,130,130
chartqa_images/60.jpg,21x30,630,130,130
chartqa_images/61.jpg,16x11,176,36,64
chartqa_images/62.jpg,16x11,176,36,64
chartqa_images/63.jpg,13x11,143,29,64
chartqa_images/64.jpg,13x11,143,29,64
chartqa_images/65.jpg,13x15,195,40,64
chartqa_images/66.jpg,13x15,195,40,64
chartqa_images/67.jpg,16x15,240,49,64
chartqa_images/68.jpg,16x15,240,49,64
chartqa_images/69.jpg,18x31,558,115,115
chartqa_images/70.jpg,18x31,558,115,115
chartqa_images/71.jpg,21x30,630,130,130
chartqa_images/72.jpg,21x30,630,130,130
chartqa_images/73.jpg,34x30,1020,211,211
chartqa_images/74.jpg,34x30,1020,211,211
chartqa_images/75.jpg,21x30,630,130,130
chartqa_images/76.jpg,21x30,630,130,130
chartqa_images/77.jpg,12x11,132,27,64
chartqa_images/78.jpg,12x11,132,27,64
chartqa_images/79.jpg,18x11,198,40,64
chartqa_images/80.jpg,18x11,198,40,64
chartqa_images/81.jpg,17x11,187,38,64
chartqa_images/82.jpg,17x11,187,38,64
chartqa_images/83.jpg,12x15,180,37,64
chartqa_images/84.jpg,12x15,180,37,64
chartqa_images/85.jpg,14x11,154,31,64
chartqa_images/86.jpg,14x11,154,31,64
chartqa_images/87.jpg,12x11,132,27,64
chartqa_images/88.jpg,12x11,132,27,64
chartqa_images/89.jpg,26x30,780,161,161
chartqa_images/90.jpg,26x30,780,161,161
chartqa_images/91.jpg,21x30,630,130,130
chartqa_images/92.jpg,21x30,630,130,130
chartqa_images/93.jpg,38x22,836,173,173
chartqa_images/94.jpg,38x22,836,173,173
chartqa_images/95.jpg,21x30,630,130,130
chartqa_images/96.jpg,21x30,630,130,130
chartqa_images/97.jpg,14x15,210,43,64
chartqa_images/98.jpg,14x15,210,43,64
chartqa_images/99.jpg,21x30,630,130,130
chartqa_images/100.jpg,21x30,630,130,130
chartqa_images/101.jpg,21x30,630,130,130
chartqa_images/102.jpg,21x30,630,130,130
chartqa_images/103.jpg,13x15,195,40,64
chartqa_images/104.jpg,13x15,195,40,64
chartqa_images/105.jpg,13x10,130,26,64
chartqa_images/106.jpg,13x10,130,26,64
chartqa_images/107.jpg,13x11,143,29,64
chartqa_images/108.jpg,13x11,143,29,64
chartqa_images/109.jpg,11x15,165,34,64
chartqa_images/110.jpg,11x15,165,34,64
chartqa_images/111.jpg,13x7,91,18,64
chartqa_images/112.jpg,13x7,91,18,64
chartqa_images/113.jpg,21x30,630,130,130
chartqa_images/114.jpg,21x30,630,130,130
chartqa_images/115.jpg,21x30,630,130,130
chartqa_images/116.jpg,21x30,630,130,130
chartqa_images/117.jpg,16x15,240,49,64
chartqa_images/118.jpg,16x15,240,49,64
chartqa_images/119.jpg,16x15,240,49,64
chartqa_images/120.jpg,16x15,240,49,64
chartqa_images/121.jpg,11x15,165,34,64
chartqa_images/122.jpg,11x15,165,34,64
chartqa_images/123.jpg,21x30,630,130,130
chartqa_images/124.jpg,21x30,630,130,130
chartqa_images/125.jpg,18x7,126,26,64
chartqa_images/126.jpg,18x7,126,26,64
chartqa_images/127.jpg,17x7,119,24,64
chartqa_images/128.jpg,17x7,119,24,64
chartqa_images/129.jpg,21x30,630,130,130
chartqa_images/130.jpg,21x30,630,130,130
chartqa_images/131.jpg,15x7,105,21,64
chartqa_images/132.jpg,15x7,105,21,64
chartqa_images/133.jpg,16x11,176,36,64
chartqa_images/134.jpg,16x11,176,36,64
chartqa_images/135.jpg,24x30,720,149,149
chartqa_images/136.jpg,24x30,720,149,149
chartqa_images/137.jpg,17x11,187,38,64
chartqa_images/138.jpg,17x11,187,38,64
chartqa_images/139.jpg,13x15,195,40,64
chartqa_images/140.jpg,13x15,195,40,64
chartqa_images/141.jpg,12x11,132,27,64
chartqa_images/142.jpg,12x11,132,27,64
chartqa_images/143.jpg,14x13,182,37,64
chartqa_images/144.jpg,14x13,182,37,64
chartqa_images/145.jpg,14x15,210,43,64
chartqa_images/146.jpg,14x15,210,43,64
chartqa_images/147.jpg,12x11,132,27,64
chartqa_images/148.jpg,12x11,132,27,64
chartqa_images/149.jpg,11x11,121,25,64
chartqa_images/150.jpg,11x11,121,25,64
chartqa_images/151.jpg,16x11,176,36,64
chartqa_images/152.jpg,16x11,176,36,64
chartqa_images/153.jpg,14x15,210,43,64
chartqa_images/154.jpg,14x15,210,43,64
chartqa_images/155.jpg,14x11,154,31,64
chartqa_images/156.jpg,14x11,154,31,64
chartqa_images/157.jpg,14x11,154,31,64
chartqa_images/158.jpg,14x11,154,31,64
chartqa_images/159.jpg,12x11,132,27,64
chartqa_images/160.jpg,12x11,132,27,64
chartqa_images/161.jpg,11x10,110,22,64
chartqa_images/162.jpg,11x10,110,22,64
chartqa_images/163.jpg,13x15,195,40,64
chartqa_images/164.jpg,13x15,195,40,64
chartqa_images/165.jpg,12x11,132,27,64
chartqa_images/166.jpg,12x11,132,27,64
chartqa_images/167.jpg,13x7,91,18,64
chartqa_images/168.jpg,13x7,91,18,64
chartqa_images/169.jpg,16x7,112,23,64
chartqa_images/170.jpg,16x7,112,23,64
chartqa_images/171.jpg,15x7,105,21,64
chartqa_images/172.jpg,15x7,105,21,64
chartqa_images/173.jpg,12x11,132,27,64
chartqa_images/174.jpg,12x11,132,27,64
chartqa_images/175.jpg,15x8,120,24,64
chartqa_images/176.jpg,15x8,120,24,64
chartqa_images/177.jpg,11x7,77,15,64
chartqa_images/178.jpg,11x7,77,15,64
chartqa_images/179.jpg,16x7,112,23,64
chartqa_images/180.jpg,16x7,112,23,64
chartqa_images/181.jpg,18x9,162,33,64
chartqa_images/182.jpg,18x9,162,33,64
chartqa_images/183.jpg,14x11,154,31,64
chartqa_images/184.jpg,14x11,154,31,64
chartqa_images/185.jpg,12x7,84,17,64
chartqa_images/186.jpg,12x7,84,17,64
chartqa_images/187.jpg,12x7,84,17,64
chartqa_images/188.jpg,12x7,84,17,64
chartqa_images/189.jpg,12x11,132,27,64
chartqa_images/190.jpg,12x11,132,27,64
chartqa_images/191.jpg,14x11,154,31,64
chartqa_images/192.jpg,14x11,154,31,64
chartqa_images/193.jpg,14x15,210,43,64
chartqa_images/194.jpg,14x15,210,43,64
chartqa_images/195.jpg,14x15,210,43,64
chartqa_images/196.jpg,14x15,210,43,64
chartqa_images/197.jpg,15x11,165,34,64
chartqa_images/198.jpg,15x11,165,34,64
chartqa_images/199.jpg,21x30,630,130,130
chartqa_images/200.jpg,21x30,630,130,130
chartqa_images/201.jpg,21x30,630,130,130
chartqa_images/202.jpg,21x30,630,130,130
chartqa_images/203.jpg,21x30,630,130,130
chartqa_images/204.jpg,21x30,630,130,130
chartqa_images/205.jpg,21x30,630,130,130
chartqa_images/206.jpg,21x30,630,130,130
chartqa_images/207.jpg,21x30,630,130,130
chartqa_images/208.jpg,21x30,630,130,130
chartqa_images/209.jpg,21x30,630,130,130
chartqa_images/210.jpg,21x30,630,130,130
chartqa_images/211.jpg,21x30,630,130,130
chartqa_images/212.jpg,21x30,630,130,130
chartqa_images/213.jpg,21x30,630,130,130
chartqa_images/214.jpg,21x30,630,130,130
chartqa_images/215.jpg,21x30,630,130,130
chartqa_images/216.jpg,21x30,630,130,130
chartqa_images/217.jpg,21x30,630,130,130
chartqa_images/218.jpg,21x30,630,130,130
chartqa_images/219.jpg,21x30,630,130,130
chartqa_images/220.jpg,21x30,630,130,130
chartqa_images/221.jpg,21x30,630,130,130
chartqa_images/222.jpg,21x30,630,130,130
chartqa_images/223.jpg,21x30,630,130,130
chartqa_images/224.jpg,21x30,630,130,130
chartqa_images/225.jpg,21x30,630,130,130
chartqa_images/226.jpg,21x30,630,130,130
chartqa_images/227.jpg,21x30,630,130,130
chartqa_images/228.jpg,21x30,630,130,130
chartqa_images/229.jpg,21x30,630,130,130
chartqa_images/230.jpg,21x30,630,130,130
chartqa_images/231.jpg,21x30,630,130,130
chartqa_images/232.jpg,21x30,630,130,130
chartqa_images/233.jpg,21x30,630,130,130
chartqa_images/234.jpg,21x30,630,130,130
chartqa_images/235.jpg,21x30,630,130,130
chartqa_images/236.jpg,21x30,630,130,130
chartqa_images/237.jpg,21x30,630,130,130
chartqa_images/238.jpg,21x30,630,130,130
chartqa_images/239.jpg,21x30,630,130,130
chartqa_images/240.jpg,21x30,630,130,130
chartqa_images/241.jpg,21x30,630,130,130
chartqa_images/242.jpg,21x30,630,130,130
chartqa_images/243.jpg,21x30,630,130,130
chartqa_images/244.jpg,21x30,630,130,130
chartqa_images/245.jpg,21x30,630,130,130
chartqa_images/246.jpg,21x30,630,130,130
chartqa_images/247.jpg,21x30,630,130,130
chartqa_images/248.jpg,21x30,630,130,130
chartqa_images/249.jpg,21x30,630,130,130
chartqa_images/250.jpg,21x30,630,130,130
chartqa_images/251.jpg,21x30,630,130,130
chartqa_images/252.jpg,21x30,630,130,130
chartqa_images/253.jpg,21x30,630,130,130
chartqa_images/254.jpg,21x30,630,130,130
chartqa_images/255.jpg,21x30,630,130,130
chartqa_images/256.jpg,21x30,630,130,130
chartqa_images/257.jpg,21x30,630,130,130
chartqa_images/258.jpg,21x30,630,130,130
chartqa_images/259.jpg,21x30,630,130,130
chartqa_images/260.jpg,21x30,630,130,130
chartqa_images/261.jpg,21x30,630,130,130
chartqa_images/262.jpg,21x30,630,130,130
chartqa_images/263.jpg,21x30,630,130,130
chartqa_images/264.jpg,21x30,630,130,130
chartqa_images/265.jpg,21x30,630,130,130
chartqa_images/266.jpg,21x30,630,130,130
chartqa_images/267.jpg,21x30,630,130,130
chartqa_images/268.jpg,21x30,630,130,130
chartqa_images/269.jpg,21x30,630,130,130
chartqa_images/270.jpg,21x30,630,130,130
chartqa_images/271.jpg,21x30,630,130,130
chartqa_images/272.jpg,21x30,630,130,130
chartqa_images/273.jpg,21x30,630,130,130
chartqa_images/274.jpg,21x30,630,130,130
chartqa_images/275.jpg,21x30,630,130,130
chartqa_images/276.jpg,21x30,630,130,130
chartqa_images/277.jpg,21x30,630,130,130
chartqa_images/278.jpg,21x30,630,130,130
chartqa_images/279.jpg,21x30,630,130,130
chartqa_images/280.jpg,21x30,630,130,130
chartqa_images/281.jpg,21x30,630,130,130
chartqa_images/282.jpg,21x30,630,130,130
chartqa_images/283.jpg,21x30,630,130,130
chartqa_images/284.jpg,21x30,630,130,130
chartqa_images/285.jpg,21x30,630,130,130
chartqa_images/286.jpg,21x30,630,130,130
chartqa_images/287.jpg,21x30,630,130,130
chartqa_images/288.jpg,21x30,630,130,130
chartqa_images/289.jpg,21x30,630,130,130
chartqa_images/290.jpg,21x30,630,130,130
chartqa_images/291.jpg,21x30,630,130,130
chartqa_images/292.jpg,21x30,630,130,130
chartqa_images/293.jpg,21x30,630,130,130
chartqa_images/294.jpg,21x30,630,130,130
chartqa_images/295.jpg,21x30,630,130,130
chartqa_images/296.jpg,21x30,630,130,130
chartqa_images/297.jpg,21x30,630,130,130
chartqa_images/298.jpg,21x30,630,130,130
chartqa_images/299.jpg,21x30,630,130,130
chartqa_images/300.jpg,21x30,630,130,130
chartqa_images/301.jpg,21x30,630,130,130
chartqa_images/302.jpg,21x30,630,130,130
chartqa_images/303.jpg,21x30,630,130,130
chartqa_images/304.jpg,21x30,630,130,130
chartqa_images/305.jpg,21x30,630,130,130
chartqa_images/306.jpg,21x30,630,130,130
chartqa_images/307.jpg,21x30,630,130,130
chartqa_images/308.jpg,21x30,630,130,130
chartqa_images/309.jpg,21x30,630,130,130
chartqa_images/310.jpg,21x30,630,130,130
chartqa_images/311.jpg,21x30,630,130,130
chartqa_images/312.jpg,21x30,630,130,130
chartqa_images/313.jpg,21x30,630,130,130
chartqa_images/314.jpg,21x30,630,130,130
chartqa_images/315.jpg,21x30,630,130,130
chartqa_images/316.jpg,21x30,630,130,130
chartqa_images/317.jpg,21x30,630,130,130
chartqa_images/318.jpg,21x30,630,130,130
chartqa_images/319.jpg,21x30,630,130,130
chartqa_images/320.jpg,21x30,630,130,130
chartqa_images/321.jpg,21x30,630,130,130
chartqa_images/322.jpg,21x30,630,130,130
chartqa_images/323.jpg,21x30,630,130,130
chartqa_images/324.jpg,21x30,630,130,130
chartqa_images/325.jpg,21x30,630,130,130
chartqa_images/326.jpg,21x30,630,130,130
chartqa_images/327.jpg,21x30,630,130,130
chartqa_images/328.jpg,21x30,630,130,130
chartqa_images/329.jpg,21x30,630,130,130
chartqa_images/330.jpg,21x30,630,130,130
chartqa_images/331.jpg,21x30,630,130,130
chartqa_images/332.jpg,21x30,630,130,130
chartqa_images/333.jpg,21x30,630,130,130
chartqa_images/334.jpg,21x30,630,130,130
chartqa_images/335.jpg,21x30,630,130,130
chartqa_images/336.jpg,21x30,630,130,130
chartqa_images/337.jpg,21x30,630,130,130
chartqa_images/338.jpg,21x30,630,130,130
chartqa_images/339.jpg,21x30,630,130,130
chartqa_images/340.jpg,21x30,630,130,130
chartqa_images/341.jpg,21x30,630,130,130
chartqa_images/342.jpg,21x30,630,130,130
chartqa_images/343.jpg,21x30,630,130,130
chartqa_images/344.jpg,21x30,630,130,130
chartqa_images/345.jpg,21x30,630,130,130
chartqa_images/346.jpg,21x30,630,130,130
chartqa_images/347.jpg,21x30,630,130,130
chartqa_images/348.jpg,21x30,630,130,130
chartqa_images/349.jpg,21x30,630,130,130
chartqa_images/350.jpg,21x30,630,130,130
chartqa_images/351.jpg,21x30,630,130,130
chartqa_images/352.jpg,21x30,630,130,130
chartqa_images/353.jpg,21x30,630,130,130
chartqa_images/354.jpg,21x30,630,130,130
chartqa_images/355.jpg,21x30,630,130,130
chartqa_images/356.jpg,21x30,630,130,130
chartqa_images/357.jpg,21x30,630,130,130
chartqa_images/358.jpg,21x30,630,130,130
chartqa_images/359.jpg,21x30,630,130,130
chartqa_images/360.jpg,21x30,630,130,130
chartqa_images/361.jpg,21x30,630,130,130
chartqa_images/362.jpg,21x30,630,130,130
chartqa_images/363.jpg,21x30,630,130,130
chartqa_images/364.jpg,21x30,630,130,130
chartqa_images/365.jpg,21x30,630,130,130
chartqa_images/366.jpg,21x30,630,130,130
chartqa_images/367.jpg,21x30,630,130,130
chartqa_images/368.jpg,21x30,630,130,130
chartqa_images/369.jpg,21x30,630,130,130
chartqa_images/370.jpg,21x30,630,130,130
chartqa_images/371.jpg,21x30,630,130,130
chartqa_images/372.jpg,21x30,630,130,130
chartqa_images/373.jpg,21x30,630,130,130
chartqa_images/374.jpg,21x30,630,130,130
chartqa_images/375.jpg,21x30,630,130,130
chartqa_images/376.jpg,21x30,630,130,130
chartqa_images/377.jpg,21x30,630,130,130
chartqa_images/378.jpg,21x30,630,130,130
chartqa_images/379.jpg,21x30,630,130,130
chartqa_images/380.jpg,21x30,630,130,130
chartqa_images/381.jpg,21x30,630,130,130
chartqa_images/382.jpg,21x30,630,130,130
chartqa_images/383.jpg,21x30,630,130,130
chartqa_images/384.jpg,21x30,630,130,130
chartqa_images/385.jpg,21x30,630,130,130
chartqa_images/386.jpg,21x30,630,130,130
chartqa_images/387.jpg,21x30,630,130,130
chartqa_images/388.jpg,21x30,630,130,130
chartqa_images/389.jpg,21x30,630,130,130
chartqa_images/390.jpg,21x30,630,130,130
chartqa_images/391.jpg,21x30,630,130,130
chartqa_images/392.jpg,21x30,630,130,130
chartqa_images/393.jpg,21x30,630,130,130
chartqa_images/394.jpg,21x30,630,130,130
chartqa_images/395.jpg,21x30,630,130,130
chartqa_images/396.jpg,21x30,630,130,130
chartqa_images/397.jpg,21x30,630,130,130
chartqa_images/398.jpg,21x30,630,130,130
chartqa_images/399.jpg,21x30,630,130,130
chartqa_images/400.jpg,21x30,630,130,130
chartqa_images/401.jpg,21x30,630,130,130
chartqa_images/402.jpg,21x30,630,130,130
chartqa_images/403.jpg,21x30,630,130,130
chartqa_images/404.jpg,21x30,630,130,130
chartqa_images/405.jpg,21x30,630,130,130
chartqa_images/406.jpg,21x30,630,130,130
chartqa_images/407.jpg,21x30,630,130,130
chartqa_images/408.jpg,21x30,630,130,130
chartqa_images/409.jpg,21x30,630,130,130
chartqa_images/410.jpg,21x30,630,130,130
chartqa_images/411.jpg,21x30,630,130,130
chartqa_images/412.jpg,21x30,630,130,130
chartqa_images/413.jpg,21x30,630,130,130
chartqa_images/414.jpg,21x30,630,130,130
chartqa_images/415.jpg,21x30,630,130,130
chartqa_images/416.jpg,21x30,630,130,130
chartqa_images/417.jpg,21x30,630,130,130
chartqa_images/418.jpg,21x30,630,130,130
chartqa_images/419.jpg,21x30,630,130,130
chartqa_images/420.jpg,21x30,630,130,130
chartqa_images/421.jpg,21x30,630,130,130
chartqa_images/422.jpg,21x30,630,130,130
chartqa_images/423.jpg,21x30,630,130,130
chartqa_images/424.jpg,21x30,630,130,130
chartqa_images/425.jpg,21x30,630,130,130
chartqa_images/426.jpg,21x30,630,130,130
chartqa_images/427.jpg,21x30,630,130,130
chartqa_images/428.jpg,21x30,630,130,130
chartqa_images/429.jpg,21x30,630,130,130
chartqa_images/430.jpg,21x30,630,130,130
chartqa_images/431.jpg,21x30,630,130,130
chartqa_images/432.jpg,21x30,630,130,130
chartqa_images/433.jpg,21x30,630,130,130
chartqa_images/434.jpg,21x30,630,130,130
chartqa_images/435.jpg,18x31,558,115,115
chartqa_images/436.jpg,18x31,558,115,115
chartqa_images/437.jpg,23x22,506,104,104
chartqa_images/438.jpg,23x22,506,104,104
chartqa_images/439.jpg,19x30,570,117,117
chartqa_images/440.jpg,19x30,570,117,117
chartqa_images/441.jpg,12x15,180,37,64
chartqa_images/442.jpg,12x15,180,37,64
chartqa_images/443.jpg,13x11,143,29,64
chartqa_images/444.jpg,13x11,143,29,64
chartqa_images/445.jpg,12x11,132,27,64
chartqa_images/446.jpg,12x11,132,27,64
chartqa_images/447.jpg,46x30,1380,285,285
chartqa_images/448.jpg,46x30,1380,285,285
chartqa_images/449.jpg,24x22,528,109,109
chartqa_images/450.jpg,24x22,528,109,109
chartqa_images/451.jpg,25x30,750,155,155
chartqa_images/452.jpg,25x30,750,155,155
chartqa_images/453.jpg,27x30,810,167,167
chartqa_images/454.jpg,27x30,810,167,167
chartqa_images/455.jpg,24x22,528,109,109
chartqa_images/456.jpg,24x22,528,109,109
chartqa_images/457.jpg,37x22,814,168,168
chartqa_images/458.jpg,37x22,814,168,168
chartqa_images/459.jpg,30x22,660,136,136
chartqa_images/460.jpg,30x22,660,136,136
chartqa_images/461.jpg,24x30,720,149,149
chartqa_images/462.jpg,24x30,720,149,149
chartqa_images/463.jpg,19x30,570,117,117
chartqa_images/464.jpg,19x30,570,117,117
chartqa_images/465.jpg,13x11,143,29,64
chartqa_images/466.jpg,13x11,143,29,64
chartqa_images/467.jpg,16x11,176,36,64
chartqa_images/468.jpg,16x11,176,36,64
chartqa_images/469.jpg,16x15,240,49,64
chartqa_images/470.jpg,16x15,240,49,64
chartqa_images/471.jpg,28x22,616,127,127
chartqa_images/472.jpg,28x22,616,127,127
chartqa_images/473.jpg,29x30,870,180,180
chartqa_images/474.jpg,29x30,870,180,180
chartqa_images/475.jpg,39x30,1170,242,242
chartqa_images/476.jpg,39x30,1170,242,242
chartqa_images/477.jpg,18x11,198,40,64
chartqa_images/478.jpg,18x11,198,40,64
chartqa_images/479.jpg,16x11,176,36,64
chartqa_images/480.jpg,16x11,176,36,64
chartqa_images/481.jpg,15x11,165,34,64
chartqa_images/482.jpg,15x11,165,34,64
chartqa_images/483.jpg,11x11,121,25,64
chartqa_images/484.jpg,11x11,121,25,64
chartqa_images/485.jpg,15x15,225,46,64
chartqa_images/486.jpg,15x15,225,46,64
chartqa_images/487.jpg,16x11,176,36,64
chartqa_images/488.jpg,16x11,176,36,64
chartqa_images/489.jpg,15x11,165,34,64
chartqa_images/490.jpg,15x11,165,34,64
chartqa_images/491.jpg,22x15,330,68,68
chartqa_images/492.jpg,22x15,330,68,68
chartqa_images/493.jpg,15x11,165,34,64
chartqa_images/494.jpg,15x11,165,34,64
chartqa_images/495.jpg,18x11,198,40,64
chartqa_images/496.jpg,18x11,198,40,64
chartqa_images/497.jpg,14x15,210,43,64
chartqa_images/498.jpg,14x15,210,43,64
chartqa_images/499.jpg,11x11,121,25,64
chartqa_images/500.jpg,11x11,121,25,64
chartqa_images/501.jpg,12x15,180,37,64
chartqa_images/502.jpg,12x15,180,37,64
chartqa_images/503.jpg,12x15,180,37,64
chartqa_images/504.jpg,12x15,180,37,64
chartqa_images/505.jpg,11x15,165,34,64
chartqa_images/506.jpg,11x15,165,34,64
chartqa_images/507.jpg,14x11,154,31,64
chartqa_images/508.jpg,14x11,154,31,64
chartqa_images/509.jpg,27x15,405,83,83
chartqa_images/510.jpg,27x15,405,83,83
chartqa_images/511.jpg,13x11,143,29,64
chartqa_images/512.jpg,13x11,143,29,64
chartqa_images/513.jpg,18x31,558,115,115
chartqa_images/514.jpg,18x31,558,115,115
chartqa_images/515.jpg,18x31,558,115,115
chartqa_images/516.jpg,18x31,558,115,115
chartqa_images/517.jpg,18x31,558,115,115
chartqa_images/518.jpg,18x31,558,115,115
chartqa_images/519.jpg,18x31,558,115,115
chartqa_images/520.jpg,18x31,558,115,115
chartqa_images/521.jpg,18x31,558,115,115
chartqa_images/522.jpg,18x31,558,115,115
chartqa_images/523.jpg,18x31,558,115,115
chartqa_images/524.jpg,18x31,558,115,115
chartqa_images/525.jpg,18x31,558,115,115
chartqa_images/526.jpg,18x31,558,115,115
chartqa_images/527.jpg,18x31,558,115,115
chartqa_images/528.jpg,18x31,558,115,115
chartqa_images/529.jpg,18x31,558,115,115
chartqa_images/530.jpg,18x31,558,115,115
chartqa_images/531.jpg,18x31,558,115,115
chartqa_images/532.jpg,18x31,558,115,115
chartqa_images/533.jpg,18x31,558,115,115
chartqa_images/534.jpg,18x31,558,115,115
chartqa_images/535.jpg,18x31,558,115,115
chartqa_images/536.jpg,18x31,558,115,115
chartqa_images/537.jpg,18x31,558,115,115
chartqa_images/538.jpg,18x31,558,115,115
chartqa_images/539.jpg,18x31,558,115,115
chartqa_images/540.jpg,18x31,558,115,115
chartqa_images/541.jpg,18x31,558,115,115
chartqa_images/542.jpg,18x31,558,115,115
chartqa_images/543.jpg,18x31,558,115,115
chartqa_images/544.jpg,18x31,558,115,115
chartqa_images/545.jpg,18x31,558,115,115
chartqa_images/546.jpg,18x31,558,115,115
chartqa_images/547.jpg,18x31,558,115,115
chartqa_images/548.jpg,18x31,558,115,115
chartqa_images/549.jpg,18x31,558,115,115
chartqa_images/550.jpg,18x31,558,115,115
chartqa_images/551.jpg,16x15,240,49,64
chartqa_images/552.jpg,16x15,240,49,64
chartqa_images/553.jpg,13x11,143,29,64
chartqa_images/554.jpg,13x11,143,29,64
chartqa_images/555.jpg,15x11,165,34,64
chartqa_images/556.jpg,15x11,165,34,64
chartqa_images/557.jpg,11x15,165,34,64
chartqa_images/558.jpg,11x15,165,34,64
chartqa_images/559.jpg,14x15,210,43,64
chartqa_images/560.jpg,14x15,210,43,64
chartqa_images/561.jpg,21x30,630,130,130
chartqa_images/562.jpg,21x30,630,130,130
chartqa_images/563.jpg,21x30,630,130,130
chartqa_images/564.jpg,21x30,630,130,130
chartqa_images/565.jpg,12x15,180,37,64
chartqa_images/566.jpg,12x15,180,37,64
chartqa_images/567.jpg,21x30,630,130,130
chartqa_images/568.jpg,21x30,630,130,130
chartqa_images/569.jpg,21x30,630,130,130
chartqa_images/570.jpg,21x30,630,130,130
chartqa_images/571.jpg,21x30,630,130,130
chartqa_images/572.jpg,21x30,630,130,130
chartqa_images/573.jpg,21x30,630,130,130
chartqa_images/574.jpg,21x30,630,130,130
chartqa_images/575.jpg,21x30,630,130,130
chartqa_images/576.jpg,21x30,630,130,130
chartqa_images/577.jpg,21x30,630,130,130
chartqa_images/578.jpg,21x30,630,130,130
chartqa_images/579.jpg,18x31,558,115,115
chartqa_images/580.jpg,18x31,558,115,115
chartqa_images/581.jpg,18x31,558,115,115
chartqa_images/582.jpg,18x31,558,115,115
chartqa_images/583.jpg,18x31,558,115,115
chartqa_images/584.jpg,18x31,558,115,115
chartqa_images/585.jpg,18x31,558,115,115
chartqa_images/586.jpg,18x31,558,115,115
chartqa_images/587.jpg,18x31,558,115,115
chartqa_images/588.jpg,18x31,558,115,115
chartqa_images/589.jpg,18x31,558,115,115
chartqa_images/590.jpg,18x31,558,115,115
chartqa_images/591.jpg,18x31,558,115,115
chartqa_images/592.jpg,18x31,558,115,115
chartqa_images/593.jpg,18x31,558,115,115
chartqa_images/594.jpg,18x31,558,115,115
chartqa_images/595.jpg,18x31,558,115,115
chartqa_images/596.jpg,18x31,558,115,115
chartqa_images/597.jpg,18x31,558,115,115
chartqa_images/598.jpg,18x31,558,115,115
chartqa_images/599.jpg,18x31,558,115,115
chartqa_images/600.jpg,18x31,558,115,115
chartqa_images/601.jpg,18x31,558,115,115
chartqa_images/602.jpg,18x31,558,115,115
chartqa_images/603.jpg,18x31,558,115,115
chartqa_images/604.jpg,18x31,558,115,115
chartqa_images/605.jpg,20x29,580,120,120
chartqa_images/606.jpg,20x29,580,120,120
chartqa_images/607.jpg,20x29,580,120,120
chartqa_images/608.jpg,20x29,580,120,120
chartqa_images/609.jpg,20x29,580,120,120
chartqa_images/610.jpg,20x29,580,120,120
chartqa_images/611.jpg,20x29,580,120,120
chartqa_images/612.jpg,20x29,580,120,120
chartqa_images/613.jpg,20x29,580,120,120
chartqa_images/614.jpg,20x29,580,120,120
chartqa_images/615.jpg,20x29,580,120,120
chartqa_images/616.jpg,20x29,580,120,120
chartqa_images/617.jpg,20x29,580,120,120
chartqa_images/618.jpg,20x29,580,120,120
chartqa_images/619.jpg,20x29,580,120,120
chartqa_images/620.jpg,20x29,580,120,120
chartqa_images/621.jpg,20x29,580,120,120
chartqa_images/622.jpg,20x29,580,120,120
chartqa_images/623.jpg,20x29,580,120,120
chartqa_images/624.jpg,20x29,580,120,120
chartqa_images/625.jpg,20x29,580,120,120
chartqa_images/626.jpg,20x29,580,120,120
chartqa_images/627.jpg,20x29,580,120,120
chartqa_images/628.jpg,20x29,580,120,120
chartqa_images/629.jpg,20x29,580,120,120
chartqa_images/630.jpg,20x29,580,120,120
chartqa_images/631.jpg,20x29,580,120,120
chartqa_images/632.jpg,20x29,580,120,120
chartqa_images/633.jpg,20x29,580,120,120
chartqa_images/634.jpg,20x29,580,120,120
chartqa_images/635.jpg,20x29,580,120,120
chartqa_images/636.jpg,20x29,580,120,120
chartqa_images/637.jpg,20x29,580,120,120
chartqa_images/638.jpg,20x29,580,120,120
chartqa_images/639.jpg,20x29,580,120,120
chartqa_images/640.jpg,20x29,580,120,120
chartqa_images/641.jpg,20x29,580,120,120
chartqa_images/642.jpg,20x29,580,120,120
chartqa_images/643.jpg,20x29,580,120,120
chartqa_images/644.jpg,20x29,580,120,120
chartqa_images/645.jpg,20x29,580,120,120
chartqa_images/646.jpg,20x29,580,120,120
chartqa_images/647.jpg,20x29,580,120,120
chartqa_images/648.jpg,20x29,580,120,120
chartqa_images/649.jpg,20x29,580,120,120
chartqa_images/650.jpg,20x29,580,120,120
chartqa_images/651.jpg,20x29,580,120,120
chartqa_images/652.jpg,20x29,580,120,120
chartqa_images/653.jpg,20x29,580,120,120
chartqa_images/654.jpg,20x29,580,120,120
chartqa_images/655.jpg,20x29,580,120,120
chartqa_images/656.jpg,20x29,580,120,120
chartqa_images/657.jpg,20x29,580,120,120
chartqa_images/658.jpg,20x29,580,120,120
chartqa_images/659.jpg,20x29,580,120,120
chartqa_images/660.jpg,20x29,580,120,120
chartqa_images/661.jpg,20x29,580,120,120
chartqa_images/662.jpg,20x29,580,120,120
chartqa_images/663.jpg,20x29,580,120,120
chartqa_images/664.jpg,20x29,580,120,120
chartqa_images/665.jpg,20x29,580,120,120
chartqa_images/666.jpg,20x29,580,120,120
chartqa_images/667.jpg,20x29,580,120,120
chartqa_images/668.jpg,20x29,580,120,120
chartqa_images/669.jpg,20x29,580,120,120
chartqa_images/670.jpg,20x29,580,120,120
chartqa_images/671.jpg,20x29,580,120,120
chartqa_images/672.jpg,20x29,580,120,120
chartqa_images/673.jpg,20x29,580,120,120
chartqa_images/674.jpg,20x29,580,120,120
chartqa_images/675.jpg,20x29,580,120,120
chartqa_images/676.jpg,20x29,580,120,120
chartqa_images/677.jpg,20x29,580,120,120
chartqa_images/678.jpg,20x29,580,120,120
chartqa_images/679.jpg,20x29,580,120,120
chartqa_images/680.jpg,20x29,580,120,120
chartqa_images/681.jpg,20x29,580,120,120
chartqa_images/682.jpg,20x29,580,120,120
chartqa_images/683.jpg,20x29,580,120,120
chartqa_images/684.jpg,20x29,580,120,120
chartqa_images/685.jpg,20x29,580,120,120
chartqa_images/686.jpg,20x29,580,120,120
chartqa_images/687.jpg,20x29,580,120,120
chartqa_images/688.jpg,20x29,580,120,120
chartqa_images/689.jpg,20x29,580,120,120
chartqa_images/690.jpg,20x29,580,120,120
chartqa_images/691.jpg,20x29,580,120,120
chartqa_images/692.jpg,20x29,580,120,120
chartqa_images/693.jpg,20x29,580,120,120
chartqa_images/694.jpg,20x29,580,120,120
chartqa_images/695.jpg,20x29,580,120,120
chartqa_images/696.jpg,20x29,580,120,120
chartqa_images/697.jpg,20x29,580,120,120
chartqa_images/698.jpg,20x29,580,120,120
chartqa_images/699.jpg,20x29,580,120,120
chartqa_images/700.jpg,20x29,580,120,120
chartqa_images/701.jpg,20x29,580,120,120
chartqa_images/702.jpg,20x29,580,120,120
chartqa_images/703.jpg,20x29,580,120,120
chartqa_images/704.jpg,20x29,580,120,120
chartqa_images/705.jpg,20x29,580,120,120
chartqa_images/706.jpg,20x29,580,120,120
chartqa_images/707.jpg,20x29,580,120,120
chartqa_images/708.jpg,20x29,580,120,120
chartqa_images/709.jpg,20x29,580,120,120
chartqa_images/710.jpg,20x29,580,120,120
chartqa_images/711.jpg,20x29,580,120,120
chartqa_images/712.jpg,20x29,580,120,120
chartqa_images/713.jpg,20x29,580,120,120
chartqa_images/714.jpg,20x29,580,120,120
chartqa_images/715.jpg,20x29,580,120,120
chartqa_images/716.jpg,20x29,580,120,120
chartqa_images/717.jpg,20x29,580,120,120
chartqa_images/718.jpg,20x29,580,120,120
chartqa_images/719.jpg,20x29,580,120,120
chartqa_images/720.jpg,20x29,580,120,120
chartqa_images/721.jpg,20x29,580,120,120
chartqa_images/722.jpg,20x29,580,120,120
chartqa_images/723.jpg,20x29,580,120,120
chartqa_images/724.jpg,20x29,580,120,120
chartqa_images/725.jpg,20x29,580,120,120
chartqa_images/726.jpg,20x29,580,120,120
chartqa_images/727.jpg,20x29,580,120,120
chartqa_images/728.jpg,20x29,580,120,120
chartqa_images/729.jpg,20x29,580,120,120
chartqa_images/730.jpg,20x29,580,120,120
chartqa_images/731.jpg,20x29,580,120,120
chartqa_images/732.jpg,20x29,580,120,120
chartqa_images/733.jpg,20x29,580,120,120
chartqa_images/734.jpg,20x29,580,120,120
chartqa_images/735.jpg,20x29,580,120,120
chartqa_images/736.jpg,20x29,580,120,120
chartqa_images/737.jpg,20x29,580,120,120
chartqa_images/738.jpg,20x29,580,120,120
chartqa_images/739.jpg,20x29,580,120,120
chartqa_images/740.jpg,20x29,580,120,120
chartqa_images/741.jpg,20x29,580,120,120
chartqa_images/742.jpg,20x29,580,120,120
chartqa_images/743.jpg,20x29,580,120,120
chartqa_images/744.jpg,20x29,580,120,120
chartqa_images/745.jpg,20x29,580,120,120
chartqa_images/746.jpg,20x29,580,120,120
chartqa_images/747.jpg,20x29,580,120,120
chartqa_images/748.jpg,20x29,580,120,120
chartqa_images/749.jpg,20x29,580,120,120
chartqa_images/750.jpg,20x29,580,120,120
chartqa_images/751.jpg,20x29,580,120,120
chartqa_images/752.jpg,20x29,580,120,120
chartqa_images/753.jpg,20x29,580,120,120
chartqa_images/754.jpg,20x29,580,120,120
chartqa_images/755.jpg,20x29,580,120,120
chartqa_images/756.jpg,20x29,580,120,120
chartqa_images/757.jpg,20x29,580,120,120
chartqa_images/758.jpg,20x29,580,120,120
chartqa_images/759.jpg,20x29,580,120,120
chartqa_images/760.jpg,20x29,580,120,120
chartqa_images/761.jpg,20x29,580,120,120
chartqa_images/762.jpg,20x29,580,120,120
chartqa_images/763.jpg,20x29,580,120,120
chartqa_images/764.jpg,20x29,580,120,120
chartqa_images/765.jpg,20x29,580,120,120
chartqa_images/766.jpg,20x29,580,120,120
chartqa_images/767.jpg,20x29,580,120,120
chartqa_images/768.jpg,20x29,580,120,120
chartqa_images/769.jpg,20x29,580,120,120
chartqa_images/770.jpg,20x29,580,120,120
chartqa_images/771.jpg,20x29,580,120,120
chartqa_images/772.jpg,20x29,580,120,120
chartqa_images/773.jpg,20x29,580,120,120
chartqa_images/774.jpg,20x29,580,120,120
chartqa_images/775.jpg,20x29,580,120,120
chartqa_images/776.jpg,20x29,580,120,120
chartqa_images/777.jpg,20x29,580,120,120
chartqa_images/778.jpg,20x29,580,120,120
chartqa_images/779.jpg,20x29,580,120,120
chartqa_images/780.jpg,20x29,580,120,120
chartqa_images/781.jpg,20x29,580,120,120
chartqa_images/782.jpg,20x29,580,120,120
chartqa_images/783.jpg,20x29,580,120,120
chartqa_images/784.jpg,20x29,580,120,120
chartqa_images/785.jpg,20x29,580,120,120
chartqa_images/786.jpg,20x29,580,120,120
chartqa_images/787.jpg,20x29,580,120,120
chartqa_images/788.jpg,20x29,580,120,120
chartqa_images/789.jpg,20x29,580,120,120
chartqa_images/790.jpg,20x29,580,120,120
chartqa_images/791.jpg,20x29,580,120,120
chartqa_images/792.jpg,20x29,580,120,120
chartqa_images/793.jpg,20x29,580,120,120
chartqa_images/794.jpg,20x29,580,120,120
chartqa_images/795.jpg,20x29,580,120,120
chartqa_images/796.jpg,20x29,580,120,120
chartqa_images/797.jpg,20x29,580,120,120
chartqa_images/798.jpg,20x29,580,120,120
chartqa_images/799.jpg,20x29,580,120,120
chartqa_images/800.jpg,20x29,580,120,120
chartqa_images/801.jpg,20x29,580,120,120
chartqa_images/802.jpg,20x29,580,120,120
chartqa_images/803.jpg,20x29,580,120,120
chartqa_images/804.jpg,20x29,580,120,120
chartqa_images/805.jpg,20x29,580,120,120
chartqa_images/806.jpg,20x29,580,120,120
chartqa_images/807.jpg,20x29,580,120,120
chartqa_images/808.jpg,20x29,580,120,120
chartqa_images/809.jpg,20x29,580,120,120
chartqa_images/810.jpg,20x29,580,120,120
chartqa_images/811.jpg,20x29,580,120,120
chartqa_images/812.jpg,20x29,580,120,120
chartqa_images/813.jpg,20x29,580,120,120
chartqa_images/814.jpg,20x29,580,120,120
chartqa_images/815.jpg,20x29,580,120,120
chartqa_images/816.jpg,20x29,580,120,120
chartqa_images/817.jpg,20x29,580,120,120
chartqa_images/818.jpg,20x29,580,120,120
chartqa_images/819.jpg,20x29,580,120,120
chartqa_images/820.jpg,20x29,580,120,120
chartqa_images/821.jpg,20x29,580,120,120
chartqa_images/822.jpg,20x29,580,120,120
chartqa_images/823.jpg,20x29,580,120,120
chartqa_images/824.jpg,20x29,580,120,120
chartqa_images/825.jpg,20x29,580,120,120
chartqa_images/826.jpg,20x29,580,120,120
chartqa_images/827.jpg,20x29,580,120,120
chartqa_images/828.jpg,20x29,580,120,120
chartqa_images/829.jpg,20x29,580,120,120
chartqa_images/830.jpg,20x29,580,120,120
chartqa_images/831.jpg,20x29,580,120,120
chartqa_images/832.jpg,20x29,580,120,120
chartqa_images/833.jpg,20x29,580,120,120
chartqa_images/834.jpg,20x29,580,120,120
chartqa_images/835.jpg,20x29,580,120,120
chartqa_images/836.jpg,20x29,580,120,120
chartqa_images/837.jpg,20x29,580,120,120
chartqa_images/838.jpg,20x29,580,120,120
chartqa_images/839.jpg,20x29,580,120,120
chartqa_images/840.jpg,20x29,580,120,120
chartqa_images/841.jpg,20x29,580,120,120
chartqa_images/842.jpg,20x29,580,120,120
chartqa_images/843.jpg,20x29,580,120,120
chartqa_images/844.jpg,20x29,580,120,120
chartqa_images/845.jpg,20x29,580,120,120
chartqa_images/846.jpg,20x29,580,120,120
chartqa_images/847.jpg,20x29,580,120,120
chartqa_images/848.jpg,20x29,580,120,120
chartqa_images/849.jpg,20x29,580,120,120
chartqa_images/850.jpg,20x29,580,120,120
chartqa_images/851.jpg,20x29,580,120,120
chartqa_images/852.jpg,20x29,580,120,120
chartqa_images/853.jpg,20x29,580,120,120
chartqa_images/854.jpg,20x29,580,120,120
chartqa_images/855.jpg,20x29,580,120,120
chartqa_images/856.jpg,20x29,580,120,120
chartqa_images/857.jpg,20x29,580,120,120
chartqa_images/858.jpg,20x29,580,120,120
chartqa_images/859.jpg,20x29,580,120,120
chartqa_images/860.jpg,20x29,580,120,120
chartqa_images/861.jpg,20x29,580,120,120
chartqa_images/862.jpg,20x29,580,120,120
chartqa_images/863.jpg,20x29,580,120,120
chartqa_images/864.jpg,20x29,580,120,120
chartqa_images/865.jpg,20x29,580,120,120
chartqa_images/866.jpg,20x29,580,120,120
chartqa_images/867.jpg,20x29,580,120,120
chartqa_images/868.jpg,20x29,580,120,120
chartqa_images/869.jpg,20x29,580,120,120
chartqa_images/870.jpg,20x29,580,120,120
chartqa_images/871.jpg,20x29,580,120,120
chartqa_images/872.jpg,20x29,580,120,120
chartqa_images/873.jpg,20x29,580,120,120
chartqa_images/874.jpg,20x29,580,120,120
chartqa_images/875.jpg,20x29,580,120,120
chartqa_images/876.jpg,20x29,580,120,120
chartqa_images/877.jpg,20x29,580,120,120
chartqa_images/878.jpg,20x29,580,120,120
chartqa_images/879.jpg,20x29,580,120,120
chartqa_images/880.jpg,20x29,580,120,120
chartqa_images/881.jpg,20x29,580,120,120
chartqa_images/882.jpg,20x29,580,120,120
chartqa_images/883.jpg,20x29,580,120,120
chartqa_images/884.jpg,20x29,580,120,120
chartqa_images/885.jpg,20x29,580,120,120
chartqa_images/886.jpg,20x29,580,120,120
chartqa_images/887.jpg,20x29,580,120,120
chartqa_images/888.jpg,20x29,580,120,120
chartqa_images/889.jpg,22x29,638,132,132
chartqa_images/890.jpg,22x29,638,132,132
chartqa_images/891.jpg,20x29,580,120,120
chartqa_images/892.jpg,20x29,580,120,120
chartqa_images/893.jpg,20x29,580,120,120
chartqa_images/894.jpg,20x29,580,120,120
chartqa_images/895.jpg,20x29,580,120,120
chartqa_images/896.jpg,20x29,580,120,120
chartqa_images/897.jpg,20x29,580,120,120
chartqa_images/898.jpg,20x29,580,120,120
chartqa_images/899.jpg,20x29,580,120,120
chartqa_images/900.jpg,20x29,580,120,120
chartqa_images/901.jpg,20x29,580,120,120
chartqa_images/902.jpg,20x29,580,120,120
chartqa_images/903.jpg,20x29,580,120,120
chartqa_images/904.jpg,20x29,580,120,120
chartqa_images/905.jpg,20x29,580,120,120
chartqa_images/906.jpg,20x29,580,120,120
chartqa_images/907.jpg,20x29,580,120,120
chartqa_images/908.jpg,20x29,580,120,120
chartqa_images/909.jpg,27x29,783,162,162
chartqa_images/910.jpg,27x29,783,162,162
chartqa_images/911.jpg,20x29,580,120,120
chartqa_images/912.jpg,20x29,580,120,120
chartqa_images/913.jpg,20x29,580,120,120
chartqa_images/914.jpg,20x29,580,120,120
chartqa_images/915.jpg,20x29,580,120,120
chartqa_images/916.jpg,20x29,580,120,120
chartqa_images/917.jpg,20x29,580,120,120
chartqa_images/918.jpg,20x29,580,120,120
chartqa_images/919.jpg,20x29,580,120,120
chartqa_images/920.jpg,20x29,580,120,120
chartqa_images/921.jpg,20x29,580,120,120
chartqa_images/922.jpg,20x29,580,120,120
chartqa_images/923.jpg,20x29,580,120,120
chartqa_images/924.jpg,20x29,580,120,120
chartqa_images/925.jpg,20x29,580,120,120
chartqa_images/926.jpg,20x29,580,120,120
chartqa_images/927.jpg,20x29,580,120,120
chartqa_images/928.jpg,20x29,580,120,120
chartqa_images/929.jpg,20x29,580,120,120
chartqa_images/930.jpg,20x29,580,120,120
chartqa_images/931.jpg,20x29,580,120,120
chartqa_images/932.jpg,20x29,580,120,120
chartqa_images/933.jpg,20x29,580,120,120
chartqa_images/934.jpg,20x29,580,120,120
chartqa_images/935.jpg,20x29,580,120,120
chartqa_images/936.jpg,20x29,580,120,120
chartqa_images/937.jpg,20x29,580,120,120
chartqa_images/938.jpg,20x29,580,120,120
chartqa_images/939.jpg,20x29,580,120,120
chartqa_images/940.jpg,20x29,580,120,120
chartqa_images/941.jpg,20x29,580,120,120
chartqa_images/942.jpg,20x29,580,120,120
chartqa_images/943.jpg,20x29,580,120,120
chartqa_images/944.jpg,20x29,580,120,120
chartqa_images/945.jpg,20x29,580,120,120
chartqa_images/946.jpg,20x29,580,120,120
chartqa_images/947.jpg,20x29,580,120,120
chartqa_images/948.jpg,20x29,580,120,120
chartqa_images/949.jpg,20x29,580,120,120
chartqa_images/950.jpg,20x29,580,120,120
chartqa_images/951.jpg,20x29,580,120,120
chartqa_images/952.jpg,20x29,580,120,120
chartqa_images/953.jpg,20x29,580,120,120
chartqa_images/954.jpg,20x29,580,120,120
chartqa_images/955.jpg,20x29,580,120,120
chartqa_images/956.jpg,20x29,580,120,120
chartqa_images/957.jpg,20x29,580,120,120
chartqa_images/958.jpg,20x29,580,120,120
chartqa_images/959.jpg,20x29,580,120,120
chartqa_images/960.jpg,20x29,580,120,120
chartqa_images/961.jpg,20x29,580,120,120
chartqa_images/962.jpg,20x29,580,120,120
chartqa_images/963.jpg,20x29,580,120,120
chartqa_images/964.jpg,20x29,580,120,120
chartqa_images/965.jpg,20x29,580,120,120
chartqa_images/966.jpg,20x29,580,120,120
chartqa_images/967.jpg,20x29,580,120,120
chartqa_images/968.jpg,20x29,580,120,120
chartqa_images/969.jpg,20x29,580,120,120
chartqa_images/970.jpg,20x29,580,120,120
chartqa_images/971.jpg,20x29,580,120,120
chartqa_images/972.jpg,20x29,580,120,120
chartqa_images/973.jpg,26x29,754,156,156
chartqa_images/974.jpg,26x29,754,156,156
chartqa_images/975.jpg,20x29,580,120,120
chartqa_images/976.jpg,20x29,580,120,120
chartqa_images/977.jpg,20x29,580,120,120
chartqa_images/978.jpg,20x29,580,120,120
chartqa_images/979.jpg,20x29,580,120,120
chartqa_images/980.jpg,20x29,580,120,120
chartqa_images/981.jpg,20x29,580,120,120
chartqa_images/982.jpg,20x29,580,120,120
chartqa_images/983.jpg,20x29,580,120,120
chartqa_images/984.jpg,20x29,580,120,120
chartqa_images/985.jpg,20x29,580,120,120
chartqa_images/986.jpg,20x29,580,120,120
chartqa_images/987.jpg,20x29,580,120,120
chartqa_images/988.jpg,20x29,580,120,120
chartqa_images/989.jpg,20x29,580,120,120
chartqa_images/990.jpg,20x29,580,120,120
chartqa_images/991.jpg,20x29,580,120,120
chartqa_images/992.jpg,20x29,580,120,120
chartqa_images/993.jpg,20x29,580,120,120
chartqa_images/994.jpg,20x29,580,120,120
chartqa_images/995.jpg,20x29,580,120,120
chartqa_images/996.jpg,20x29,580,120,120
chartqa_images/997.jpg,20x29,580,120,120
chartqa_images/998.jpg,20x29,580,120,120
chartqa_images/999.jpg,20x29,580,120,120
chartqa_images/1000.jpg,20x29,580,120,120
chartqa_images/1001.jpg,20x29,580,120,120
chartqa_images/1002.jpg,20x29,580,120,120
chartqa_images/1003.jpg,20x29,580,120,120
chartqa_images/1004.jpg,20x29,580,120,120
chartqa_images/1005.jpg,20x29,580,120,120
chartqa_images/1006.jpg,20x29,580,120,120
chartqa_images/1007.jpg,20x29,580,120,120
chartqa_images/1008.jpg,20x29,580,120,120
chartqa_images/1009.jpg,20x29,580,120,120
chartqa_images/1010.jpg,20x29,580,120,120
chartqa_images/1011.jpg,26x29,754,156,156
chartqa_images/1012.jpg,26x29,754,156,156
chartqa_images/1013.jpg,20x29,580,120,120
chartqa_images/1014.jpg,20x29,580,120,120
chartqa_images/1015.jpg,20x29,580,120,120
chartqa_images/1016.jpg,20x29,580,120,120
chartqa_images/1017.jpg,20x29,580,120,120
chartqa_images/1018.jpg,20x29,580,120,120
chartqa_images/1019.jpg,20x29,580,120,120
chartqa_images/1020.jpg,20x29,580,120,120
chartqa_images/1021.jpg,20x29,580,120,120
chartqa_images/1022.jpg,20x29,580,120,120
chartqa_images/1023.jpg,20x29,580,120,120
chartqa_images/1024.jpg,20x29,580,120,120
chartqa_images/1025.jpg,20x29,580,120,120
chartqa_images/1026.jpg,20x29,580,120,120
chartqa_images/1027.jpg,20x29,580,120,120
chartqa_images/1028.jpg,20x29,580,120,120
chartqa_images/1029.jpg,20x29,580,120,120
chartqa_images/1030.jpg,20x29,580,120,120
chartqa_images/1031.jpg,20x29,580,120,120
chartqa_images/1032.jpg,20x29,580,120,120
chartqa_images/1033.jpg,20x29,580,120,120
chartqa_images/1034.jpg,20x29,580,120,120
chartqa_images/1035.jpg,20x29,580,120,120
chartqa_images/1036.jpg,20x29,580,120,120
chartqa_images/1037.jpg,20x29,580,120,120
chartqa_images/1038.jpg,20x29,580,120,120
chartqa_images/1039.jpg,20x29,580,120,120
chartqa_images/1040.jpg,20x29,580,120,120
chartqa_images/1041.jpg,20x29,580,120,120
chartqa_images/1042.jpg,20x29,580,120,120
chartqa_images/1043.jpg,20x29,580,120,120
chartqa_images/1044.jpg,20x29,580,120,120
chartqa_images/1045.jpg,20x29,580,120,120
chartqa_images/1046.jpg,20x29,580,120,120
chartqa_images/1047.jpg,20x29,580,120,120
chartqa_images/1048.jpg,20x29,580,120,120
chartqa_images/1049.jpg,20x29,580,120,120
chartqa_images/1050.jpg,20x29,580,120,120
chartqa_images/1051.jpg,20x29,580,120,120
chartqa_images/1052.jpg,20x29,580,120,120
chartqa_images/1053.jpg,20x29,580,120,120
chartqa_images/1054.jpg,20x29,580,120,120
chartqa_images/1055.jpg,20x29,580,120,120
chartqa_images/1056.jpg,20x29,580,120,120
chartqa_images/1057.jpg,20x29,580,120,120
chartqa_images/1058.jpg,20x29,580,120,120
chartqa_images/1059.jpg,20x29,580,120,120
chartqa_images/1060.jpg,20x29,580,120,120
chartqa_images/1061.jpg,27x29,783,162,162
chartqa_images/1062.jpg,27x29,783,162,162
chartqa_images/1063.jpg,20x29,580,120,120
chartqa_images/1064.jpg,20x29,580,120,120
chartqa_images/1065.jpg,20x29,580,120,120
chartqa_images/1066.jpg,20x29,580,120,120
chartqa_images/1067.jpg,26x29,754,156,156
chartqa_images/1068.jpg,26x29,754,156,156
chartqa_images/1069.jpg,20x29,580,120,120
chartqa_images/1070.jpg,20x29,580,120,120
chartqa_images/1071.jpg,20x29,580,120,120
chartqa_images/1072.jpg,20x29,580,120,120
chartqa_images/1073.jpg,20x29,580,120,120
chartqa_images/1074.jpg,20x29,580,120,120
chartqa_images/1075.jpg,20x29,580,120,120
chartqa_images/1076.jpg,20x29,580,120,120
chartqa_images/1077.jpg,36x29,1044,216,216
chartqa_images/1078.jpg,36x29,1044,216,216
chartqa_images/1079.jpg,20x29,580,120,120
chartqa_images/1080.jpg,20x29,580,120,120
chartqa_images/1081.jpg,20x29,580,120,120
chartqa_images/1082.jpg,20x29,580,120,120
chartqa_images/1083.jpg,20x29,580,120,120
chartqa_images/1084.jpg,20x29,580,120,120
chartqa_images/1085.jpg,20x29,580,120,120
chartqa_images/1086.jpg,20x29,580,120,120
chartqa_images/1087.jpg,20x29,580,120,120
chartqa_images/1088.jpg,20x29,580,120,120
chartqa_images/1089.jpg,20x29,580,120,120
chartqa_images/1090.jpg,20x29,580,120,120
chartqa_images/1091.jpg,20x29,580,120,120
chartqa_images/1092.jpg,20x29,580,120,120
chartqa_images/1093.jpg,20x29,580,120,120
chartqa_images/1094.jpg,20x29,580,120,120
chartqa_images/1095.jpg,20x29,580,120,120
chartqa_images/1096.jpg,20x29,580,120,120
chartqa_images/1097.jpg,20x29,580,120,120
chartqa_images/1098.jpg,20x29,580,120,120
chartqa_images/1099.jpg,20x29,580,120,120
chartqa_images/1100.jpg,20x29,580,120,120
chartqa_images/1101.jpg,20x29,580,120,120
chartqa_images/1102.jpg,20x29,580,120,120
chartqa_images/1103.jpg,20x29,580,120,120
chartqa_images/1104.jpg,20x29,580,120,120
chartqa_images/1105.jpg,20x29,580,120,120
chartqa_images/1106.jpg,20x29,580,120,120
chartqa_images/1107.jpg,20x29,580,120,120
chartqa_images/1108.jpg,20x29,580,120,120
chartqa_images/1109.jpg,20x29,580,120,120
chartqa_images/1110.jpg,20x29,580,120,120
chartqa_images/1111.jpg,20x29,580,120,120
chartqa_images/1112.jpg,20x29,580,120,120
chartqa_images/1113.jpg,20x29,580,120,120
chartqa_images/1114.jpg,20x29,580,120,120
chartqa_images/1115.jpg,20x29,580,120,120
chartqa_images/1116.jpg,20x29,580,120,120
chartqa_images/1117.jpg,20x29,580,120,120
chartqa_images/1118.jpg,20x29,580,120,120
chartqa_images/1119.jpg,20x29,580,120,120
chartqa_images/1120.jpg,20x29,580,120,120
chartqa_images/1121.jpg,20x29,580,120,120
chartqa_images/1122.jpg,20x29,580,120,120
chartqa_images/1123.jpg,20x29,580,120,120
chartqa_images/1124.jpg,20x29,580,120,120
chartqa_images/1125.jpg,20x29,580,120,120
chartqa_images/1126.jpg,20x29,580,120,120
chartqa_images/1127.jpg,20x29,580,120,120
chartqa_images/1128.jpg,20x29,580,120,120
chartqa_images/1129.jpg,20x29,580,120,120
chartqa_images/1130.jpg,20x29,580,120,120
chartqa_images/1131.jpg,20x29,580,120,120
chartqa_images/1132.jpg,20x29,580,120,120
chartqa_images/1133.jpg,20x29,580,120,120
chartqa_images/1134.jpg,20x29,580,120,120
chartqa_images/1135.jpg,20x29,580,120,120
chartqa_images/1136.jpg,20x29,580,120,120
chartqa_images/1137.jpg,20x29,580,120,120
chartqa_images/1138.jpg,20x29,580,120,120
chartqa_images/1139.jpg,20x29,580,120,120
chartqa_images/1140.jpg,20x29,580,120,120
chartqa_images/1141.jpg,20x29,580,120,120
chartqa_images/1142.jpg,20x29,580,120,120
chartqa_images/1143.jpg,20x29,580,120,120
chartqa_images/1144.jpg,20x29,580,120,120
chartqa_images/1145.jpg,20x29,580,120,120
chartqa_images/1146.jpg,20x29,580,120,120
chartqa_images/1147.jpg,20x29,580,120,120
chartqa_images/1148.jpg,20x29,580,120,120
chartqa_images/1149.jpg,20x29,580,120,120
chartqa_images/1150.jpg,20x29,580,120,120
chartqa_images/1151.jpg,20x29,580,120,120
chartqa_images/1152.jpg,20x29,580,120,120
chartqa_images/1153.jpg,20x29,580,120,120
chartqa_images/1154.jpg,20x29,580,120,120
chartqa_images/1155.jpg,20x29,580,120,120
chartqa_images/1156.jpg,20x29,580,120,120
chartqa_images/1157.jpg,20x29,580,120,120
chartqa_images/1158.jpg,20x29,580,120,120
chartqa_images/1159.jpg,20x29,580,120,120
chartqa_images/1160.jpg,20x29,580,120,120
chartqa_images/1161.jpg,20x29,580,120,120
chartqa_images/1162.jpg,20x29,580,120,120
chartqa_images/1163.jpg,20x29,580,120,120
chartqa_images/1164.jpg,20x29,580,120,120
chartqa_images/1165.jpg,20x29,580,120,120
chartqa_images/1166.jpg,20x29,580,120,120
chartqa_images/1167.jpg,20x29,580,120,120
chartqa_images/1168.jpg,20x29,580,120,120
chartqa_images/1169.jpg,20x29,580,120,120
chartqa_images/1170.jpg,20x29,580,120,120
chartqa_images/1171.jpg,20x29,580,120,120
chartqa_images/1172.jpg,20x29,580,120,120
chartqa_images/1173.jpg,20x29,580,120,120
chartqa_images/1174.jpg,20x29,580,120,120
chartqa_images/1175.jpg,20x29,580,120,120
chartqa_images/1176.jpg,20x29,580,120,120
chartqa_images/1177.jpg,20x29,580,120,120
chartqa_images/1178.jpg,20x29,580,120,120
chartqa_images/1179.jpg,20x29,580,120,120
chartqa_images/1180.jpg,20x29,580,120,120
chartqa_images/1181.jpg,20x29,580,120,120
chartqa_images/1182.jpg,20x29,580,120,120
chartqa_images/1183.jpg,20x29,580,120,120
chartqa_images/1184.jpg,20x29,580,120,120
chartqa_images/1185.jpg,20x29,580,120,120
chartqa_images/1186.jpg,20x29,580,120,120
chartqa_images/1187.jpg,20x29,580,120,120
chartqa_images/1188.jpg,20x29,580,120,120
chartqa_images/1189.jpg,20x29,580,120,120
chartqa_images/1190.jpg,20x29,580,120,120
chartqa_images/1191.jpg,20x29,580,120,120
chartqa_images/1192.jpg,20x29,580,120,120
chartqa_images/1193.jpg,20x29,580,120,120
chartqa_images/1194.jpg,20x29,580,120,120
chartqa_images/1195.jpg,20x29,580,120,120
chartqa_images/1196.jpg,20x29,580,120,120
chartqa_images/1197.jpg,20x29,580,120,120
chartqa_images/1198.jpg,20x29,580,120,120
chartqa_images/1199.jpg,20x29,580,120,120
chartqa_images/1200.jpg,20x29,580,120,120
chartqa_images/1201.jpg,20x29,580,120,120
chartqa_images/1202.jpg,20x29,580,120,120
chartqa_images/1203.jpg,20x29,580,120,120
chartqa_images/1204.jpg,20x29,580,120,120
chartqa_images/1205.jpg,20x29,580,120,120
chartqa_images/1206.jpg,20x29,580,120,120
chartqa_images/1207.jpg,20x29,580,120,120
chartqa_images/1208.jpg,20x29,580,120,120
chartqa_images/1209.jpg,20x29,580,120,120
chartqa_images/1210.jpg,20x29,580,120,120
chartqa_images/1211.jpg,20x29,580,120,120
chartqa_images/1212.jpg,20x29,580,120,120
chartqa_images/1213.jpg,20x29,580,120,120
chartqa_images/1214.jpg,20x29,580,120,120
chartqa_images/1215.jpg,20x29,580,120,120
chartqa_images/1216.jpg,20x29,580,120,120
chartqa_images/1217.jpg,20x29,580,120,120
chartqa_images/1218.jpg,20x29,580,120,120
chartqa_images/1219.jpg,20x29,580,120,120
chartqa_images/1220.jpg,20x29,580,120,120
chartqa_images/1221.jpg,20x29,580,120,120
chartqa_images/1222.jpg,20x29,580,120,120
chartqa_images/1223.jpg,20x29,580,120,120
chartqa_images/1224.jpg,20x29,580,120,120
chartqa_images/1225.jpg,20x29,580,120,120
chartqa_images/1226.jpg,20x29,580,120,120
chartqa_images/1227.jpg,20x29,580,120,120
chartqa_images/1228.jpg,20x29,580,120,120
chartqa_images/1229.jpg,20x29,580,120,120
chartqa_images/1230.jpg,20x29,580,120,120
chartqa_images/1231.jpg,20x29,580,120,120
chartqa_images/1232.jpg,20x29,580,120,120
chartqa_images/1233.jpg,20x29,580,120,120
chartqa_images/1234.jpg,20x29,580,120,120
chartqa_images/1235.jpg,20x29,580,120,120
chartqa_images/1236.jpg,20x29,580,120,120
chartqa_images/1237.jpg,20x29,580,120,120
chartqa_images/1238.jpg,20x29,580,120,120
chartqa_images/1239.jpg,20x29,580,120,120
chartqa_images/1240.jpg,20x29,580,120,120
chartqa_images/1241.jpg,20x29,580,120,120
chartqa_images/1242.jpg,20x29,580,120,120
chartqa_images/1243.jpg,20x29,580,120,120
chartqa_images/1244.jpg,20x29,580,120,120
chartqa_images/1245.jpg,20x29,580,120,120
chartqa_images/1246.jpg,20x29,580,120,120
chartqa_images/1247.jpg,20x29,580,120,120
chartqa_images/1248.jpg,20x29,580,120,120
chartqa_images/1249.jpg,20x29,580,120,120
chartqa_images/1250.jpg,20x29,580,120,120
chartqa_images/1251.jpg,20x29,580,120,120
chartqa_images/1252.jpg,20x29,580,120,120
chartqa_images/1253.jpg,20x29,580,120,120
chartqa_images/1254.jpg,20x29,580,120,120
chartqa_images/1255.jpg,20x29,580,120,120
chartqa_images/1256.jpg,20x29,580,120,120
chartqa_images/1257.jpg,20x29,580,120,120
chartqa_images/1258.jpg,20x29,580,120,120
chartqa_images/1259.jpg,20x29,580,120,120
chartqa_images/1260.jpg,20x29,580,120,120
chartqa_images/1261.jpg,20x29,580,120,120
chartqa_images/1262.jpg,20x29,580,120,120
chartqa_images/1263.jpg,20x29,580,120,120
chartqa_images/1264.jpg,20x29,580,120,120
chartqa_images/1265.jpg,20x29,580,120,120
chartqa_images/1266.jpg,20x29,580,120,120
chartqa_images/1267.jpg,20x29,580,120,120
chartqa_images/1268.jpg,20x29,580,120,120
chartqa_images/1269.jpg,20x29,580,120,120
chartqa_images/1270.jpg,20x29,580,120,120
chartqa_images/1271.jpg,20x29,580,120,120
chartqa_images/1272.jpg,20x29,580,120,120
chartqa_images/1273.jpg,20x29,580,120,120
chartqa_images/1274.jpg,20x29,580,120,120
chartqa_images/1275.jpg,20x29,580,120,120
chartqa_images/1276.jpg,20x29,580,120,120
chartqa_images/1277.jpg,20x29,580,120,120
chartqa_images/1278.jpg,20x29,580,120,120
chartqa_images/1279.jpg,20x29,580,120,120
chartqa_images/1280.jpg,20x29,580,120,120
chartqa_images/1281.jpg,20x29,580,120,120
chartqa_images/1282.jpg,20x29,580,120,120
chartqa_images/1283.jpg,20x29,580,120,120
chartqa_images/1284.jpg,20x29,580,120,120
chartqa_images/1285.jpg,20x29,580,120,120
chartqa_images/1286.jpg,20x29,580,120,120
chartqa_images/1287.jpg,20x29,580,120,120
chartqa_images/1288.jpg,20x29,580,120,120
chartqa_images/1289.jpg,20x29,580,120,120
chartqa_images/1290.jpg,20x29,580,120,120
chartqa_images/1291.jpg,20x29,580,120,120
chartqa_images/1292.jpg,20x29,580,120,120
chartqa_images/1293.jpg,20x29,580,120,120
chartqa_images/1294.jpg,20x29,580,120,120
chartqa_images/1295.jpg,20x29,580,120,120
chartqa_images/1296.jpg,20x29,580,120,120
chartqa_images/1297.jpg,20x29,580,120,120
chartqa_images/1298.jpg,20x29,580,120,120
chartqa_images/1299.jpg,20x29,580,120,120
chartqa_images/1300.jpg,20x29,580,120,120
chartqa_images/1301.jpg,20x29,580,120,120
chartqa_images/1302.jpg,20x29,580,120,120
chartqa_images/1303.jpg,20x29,580,120,120
chartqa_images/1304.jpg,20x29,580,120,120
chartqa_images/1305.jpg,20x29,580,120,120
chartqa_images/1306.jpg,20x29,580,120,120
chartqa_images/1307.jpg,20x29,580,120,120
chartqa_images/1308.jpg,20x29,580,120,120
chartqa_images/1309.jpg,20x29,580,120,120
chartqa_images/1310.jpg,20x29,580,120,120
chartqa_images/1311.jpg,20x29,580,120,120
chartqa_images/1312.jpg,20x29,580,120,120
chartqa_images/1313.jpg,20x29,580,120,120
chartqa_images/1314.jpg,20x29,580,120,120
chartqa_images/1315.jpg,20x29,580,120,120
chartqa_images/1316.jpg,20x29,580,120,120
chartqa_images/1317.jpg,20x29,580,120,120
chartqa_images/1318.jpg,20x29,580,120,120
chartqa_images/1319.jpg,20x29,580,120,120
chartqa_images/1320.jpg,20x29,580,120,120
chartqa_images/1321.jpg,20x29,580,120,120
chartqa_images/1322.jpg,20x29,580,120,120
chartqa_images/1323.jpg,20x29,580,120,120
chartqa_images/1324.jpg,20x29,580,120,120
chartqa_images/1325.jpg,20x29,580,120,120
chartqa_images/1326.jpg,20x29,580,120,120
chartqa_images/1327.jpg,20x29,580,120,120
chartqa_images/1328.jpg,20x29,580,120,120
chartqa_images/1329.jpg,20x29,580,120,120
chartqa_images/1330.jpg,20x29,580,120,120
chartqa_images/1331.jpg,20x29,580,120,120
chartqa_images/1332.jpg,20x29,580,120,120
chartqa_images/1333.jpg,20x29,580,120,120
chartqa_images/1334.jpg,20x29,580,120,120
chartqa_images/1335.jpg,20x29,580,120,120
chartqa_images/1336.jpg,20x29,580,120,120
chartqa_images/1337.jpg,20x29,580,120,120
chartqa_images/1338.jpg,20x29,580,120,120
chartqa_images/1339.jpg,20x29,580,120,120
chartqa_images/1340.jpg,20x29,580,120,120
chartqa_images/1341.jpg,20x29,580,120,120
chartqa_images/1342.jpg,20x29,580,120,120
chartqa_images/1343.jpg,20x29,580,120,120
chartqa_images/1344.jpg,20x29,580,120,120
chartqa_images/1345.jpg,20x29,580,120,120
chartqa_images/1346.jpg,20x29,580,120,120
chartqa_images/1347.jpg,20x29,580,120,120
chartqa_images/1348.jpg,20x29,580,120,120
chartqa_images/1349.jpg,20x29,580,120,120
chartqa_images/1350.jpg,20x29,580,120,120
chartqa_images/1351.jpg,20x29,580,120,120
chartqa_images/1352.jpg,20x29,580,120,120
chartqa_images/1353.jpg,20x29,580,120,120
chartqa_images/1354.jpg,20x29,580,120,120
chartqa_images/1355.jpg,20x29,580,120,120
chartqa_images/1356.jpg,20x29,580,120,120
chartqa_images/1357.jpg,20x29,580,120,120
chartqa_images/1358.jpg,20x29,580,120,120
chartqa_images/1359.jpg,20x29,580,120,120
chartqa_images/1360.jpg,20x29,580,120,120
chartqa_images/1361.jpg,20x29,580,120,120
chartqa_images/1362.jpg,20x29,580,120,120
chartqa_images/1363.jpg,20x29,580,120,120
chartqa_images/1364.jpg,20x29,580,120,120
chartqa_images/1365.jpg,20x29,580,120,120
chartqa_images/1366.jpg,20x29,580,120,120
chartqa_images/1367.jpg,20x29,580,120,120
chartqa_images/1368.jpg,20x29,580,120,120
chartqa_images/1369.jpg,20x29,580,120,120
chartqa_images/1370.jpg,20x29,580,120,120
chartqa_images/1371.jpg,20x29,580,120,120
chartqa_images/1372.jpg,20x29,580,120,120
chartqa_images/1373.jpg,20x29,580,120,120
chartqa_images/1374.jpg,20x29,580,120,120
chartqa_images/1375.jpg,20x29,580,120,120
chartqa_images/1376.jpg,20x29,580,120,120
chartqa_images/1377.jpg,20x29,580,120,120
chartqa_images/1378.jpg,20x29,580,120,120
chartqa_images/1379.jpg,20x29,580,120,120
chartqa_images/1380.jpg,20x29,580,120,120
chartqa_images/1381.jpg,20x29,580,120,120
chartqa_images/1382.jpg,20x29,580,120,120
chartqa_images/1383.jpg,20x29,580,120,120
chartqa_images/1384.jpg,20x29,580,120,120
chartqa_images/1385.jpg,20x29,580,120,120
chartqa_images/1386.jpg,20x29,580,120,120
chartqa_images/1387.jpg,20x29,580,120,120
chartqa_images/1388.jpg,20x29,580,120,120
chartqa_images/1389.jpg,20x29,580,120,120
chartqa_images/1390.jpg,20x29,580,120,120
chartqa_images/1391.jpg,20x29,580,120,120
chartqa_images/1392.jpg,20x29,580,120,120
chartqa_images/1393.jpg,20x29,580,120,120
chartqa_images/1394.jpg,20x29,580,120,120
chartqa_images/1395.jpg,20x29,580,120,120
chartqa_images/1396.jpg,20x29,580,120,120
chartqa_images/1397.jpg,20x29,580,120,120
chartqa_images/1398.jpg,20x29,580,120,120
chartqa_images/1399.jpg,20x29,580,120,120
chartqa_images/1400.jpg,37x29,1073,222,222
chartqa_images/1401.jpg,37x29,1073,222,222
chartqa_images/1402.jpg,37x29,1073,222,222
chartqa_images/1403.jpg,20x29,580,120,120
chartqa_images/1404.jpg,20x29,580,120,120
chartqa_images/1405.jpg,30x29,870,180,180
chartqa_images/1406.jpg,30x29,870,180,180
chartqa_images/1407.jpg,20x29,580,120,120
chartqa_images/1408.jpg,20x29,580,120,120
chartqa_images/1409.jpg,36x29,1044,216,216
chartqa_images/1410.jpg,20x29,580,120,120
chartqa_images/1411.jpg,20x29,580,120,120
chartqa_images/1412.jpg,26x29,754,156,156
chartqa_images/1413.jpg,20x29,580,120,120
chartqa_images/1414.jpg,20x29,580,120,120
chartqa_images/1415.jpg,20x29,580,120,120
chartqa_images/1416.jpg,20x29,580,120,120
chartqa_images/1417.jpg,30x29,870,180,180
chartqa_images/1418.jpg,30x29,870,180,180
chartqa_images/1419.jpg,20x29,580,120,120
chartqa_images/1420.jpg,22x29,638,132,132
chartqa_images/1421.jpg,35x29,1015,210,210
chartqa_images/1422.jpg,35x29,1015,210,210
chartqa_images/1423.jpg,20x29,580,120,120
chartqa_images/1424.jpg,20x29,580,120,120
chartqa_images/1425.jpg,20x29,580,120,120
chartqa_images/1426.jpg,20x29,580,120,120
chartqa_images/1427.jpg,20x29,580,120,120
chartqa_images/1428.jpg,57x29,1653,342,342
chartqa_images/1429.jpg,20x29,580,120,120
chartqa_images/1430.jpg,20x29,580,120,120
chartqa_images/1431.jpg,20x29,580,120,120
chartqa_images/1432.jpg,20x29,580,120,120
chartqa_images/1433.jpg,20x29,580,120,120
chartqa_images/1434.jpg,27x29,783,162,162
chartqa_images/1435.jpg,27x29,783,162,162
chartqa_images/1436.jpg,20x29,580,120,120
chartqa_images/1437.jpg,20x29,580,120,120
chartqa_images/1438.jpg,20x29,580,120,120
chartqa_images/1439.jpg,26x29,754,156,156
chartqa_images/1440.jpg,20x29,580,120,120
chartqa_images/1441.jpg,20x29,580,120,120
chartqa_images/1442.jpg,52x29,1508,312,312
chartqa_images/1443.jpg,33x29,957,198,198
chartqa_images/1444.jpg,20x29,580,120,120
chartqa_images/1445.jpg,20x29,580,120,120
chartqa_images/1446.jpg,26x29,754,156,156
chartqa_images/1447.jpg,26x29,754,156,156
chartqa_images/1448.jpg,20x29,580,120,120
chartqa_images/1449.jpg,22x29,638,132,132
chartqa_images/1450.jpg,20x29,580,120,120
chartqa_images/1451.jpg,20x29,580,120,120
chartqa_images/1452.jpg,20x29,580,120,120
chartqa_images/1453.jpg,20x29,580,120,120
chartqa_images/1454.jpg,20x29,580,120,120
chartqa_images/1455.jpg,20x29,580,120,120
chartqa_images/1456.jpg,20x29,580,120,120
chartqa_images/1457.jpg,20x29,580,120,120
chartqa_images/1458.jpg,20x29,580,120,120
chartqa_images/1459.jpg,20x29,580,120,120
chartqa_images/1460.jpg,20x29,580,120,120
chartqa_images/1461.jpg,20x29,580,120,120
chartqa_images/1462.jpg,64x29,1856,384,384
chartqa_images/1463.jpg,20x29,580,120,120
chartqa_images/1464.jpg,20x29,580,120,120
chartqa_images/1465.jpg,20x29,580,120,120
chartqa_images/1466.jpg,40x29,1160,240,240
chartqa_images/1467.jpg,20x29,580,120,120
chartqa_images/1468.jpg,20x29,580,120,120
chartqa_images/1469.jpg,53x29,1537,318,318
chartqa_images/1470.jpg,22x29,638,132,132
chartqa_images/1471.jpg,20x29,580,120,120
chartqa_images/1472.jpg,20x29,580,120,120
chartqa_images/1473.jpg,20x29,580,120,120
chartqa_images/1474.jpg,26x29,754,156,156
chartqa_images/1475.jpg,26x29,754,156,156
chartqa_images/1476.jpg,20x29,580,120,120
chartqa_images/1477.jpg,20x29,580,120,120
chartqa_images/1478.jpg,20x29,580,120,120
chartqa_images/1479.jpg,20x29,580,120,120
chartqa_images/1480.jpg,20x29,580,120,120
chartqa_images/1481.jpg,36x29,1044,216,216
chartqa_images/1482.jpg,36x29,1044,216,216
chartqa_images/1483.jpg,63x29,1827,378,378
chartqa_images/1484.jpg,63x29,1827,378,378
chartqa_images/1485.jpg,20x29,580,120,120
chartqa_images/1486.jpg,20x29,580,120,120
chartqa_images/1487.jpg,20x29,580,120,120
chartqa_images/1488.jpg,20x29,580,120,120
chartqa_images/1489.jpg,20x29,580,120,120
chartqa_images/1490.jpg,20x29,580,120,120
chartqa_images/1491.jpg,20x29,580,120,120
chartqa_images/1492.jpg,20x29,580,120,120
chartqa_images/1493.jpg,20x29,580,120,120
chartqa_images/1494.jpg,20x29,580,120,120
chartqa_images/1495.jpg,20x29,580,120,120
chartqa_images/1496.jpg,20x29,580,120,120
chartqa_images/1497.jpg,20x29,580,120,120
chartqa_images/1498.jpg,20x29,580,120,120
chartqa_images/1499.jpg,20x29,580,120,120
chartqa_images/1500.jpg,20x29,580,120,120
chartqa_images/1501.jpg,20x29,580,120,120
chartqa_images/1502.jpg,20x29,580,120,120
chartqa_images/1503.jpg,20x29,580,120,120
chartqa_images/1504.jpg,42x29,1218,252,252
chartqa_images/1505.jpg,42x29,1218,252,252
chartqa_images/1506.jpg,20x29,580,120,120
chartqa_images/1507.jpg,20x29,580,120,120
chartqa_images/1508.jpg,35x29,1015,210,210
chartqa_images/1509.jpg,20x29,580,120,120
chartqa_images/1510.jpg,20x29,580,120,120
chartqa_images/1511.jpg,20x29,580,120,120
chartqa_images/1512.jpg,20x29,580,120,120
chartqa_images/1513.jpg,20x29,580,120,120
chartqa_images/1514.jpg,20x29,580,120,120
chartqa_images/1515.jpg,20x29,580,120,120
chartqa_images/1516.jpg,20x29,580,120,120
chartqa_images/1517.jpg,20x29,580,120,120
chartqa_images/1518.jpg,20x29,580,120,120
chartqa_images/1519.jpg,20x29,580,120,120
chartqa_images/1520.jpg,20x29,580,120,120
chartqa_images/1521.jpg,20x29,580,120,120
chartqa_images/1522.jpg,22x29,638,132,132
chartqa_images/1523.jpg,27x29,783,162,162
chartqa_images/1524.jpg,20x29,580,120,120
chartqa_images/1525.jpg,20x29,580,120,120
chartqa_images/1526.jpg,20x29,580,120,120
chartqa_images/1527.jpg,20x29,580,120,120
chartqa_images/1528.jpg,20x29,580,120,120
chartqa_images/1529.jpg,20x29,580,120,120
chartqa_images/1530.jpg,20x29,580,120,120
chartqa_images/1531.jpg,20x29,580,120,120
chartqa_images/1532.jpg,38x29,1102,228,228
chartqa_images/1533.jpg,20x29,580,120,120
chartqa_images/1534.jpg,41x29,1189,246,246
chartqa_images/1535.jpg,41x29,1189,246,246
chartqa_images/1536.jpg,35x29,1015,210,210
chartqa_images/1537.jpg,20x29,580,120,120
chartqa_images/1538.jpg,20x29,580,120,120
chartqa_images/1539.jpg,20x29,580,120,120
chartqa_images/1540.jpg,20x29,580,120,120
chartqa_images/1541.jpg,20x29,580,120,120
chartqa_images/1542.jpg,20x29,580,120,120
chartqa_images/1543.jpg,20x29,580,120,120
chartqa_images/1544.jpg,20x29,580,120,120
chartqa_images/1545.jpg,20x29,580,120,120
chartqa_images/1546.jpg,20x29,580,120,120
chartqa_images/1547.jpg,20x29,580,120,120
chartqa_images/1548.jpg,20x29,580,120,120
chartqa_images/1549.jpg,20x29,580,120,120
chartqa_images/1550.jpg,20x29,580,120,120
chartqa_images/1551.jpg,38x29,1102,228,228
chartqa_images/1552.jpg,38x29,1102,228,228
chartqa_images/1553.jpg,20x29,580,120,120
chartqa_images/1554.jpg,20x29,580,120,120
chartqa_images/1555.jpg,20x29,580,120,120
chartqa_images/1556.jpg,20x29,580,120,120
chartqa_images/1557.jpg,20x29,580,120,120
chartqa_images/1558.jpg,20x29,580,120,120
chartqa_images/1559.jpg,20x29,580,120,120
chartqa_images/1560.jpg,20x29,580,120,120
chartqa_images/1561.jpg,20x29,580,120,120
chartqa_images/1562.jpg,20x29,580,120,120
chartqa_images/1563.jpg,20x29,580,120,120
chartqa_images/1564.jpg,20x29,580,120,120
chartqa_images/1565.jpg,32x29,928,192,192
chartqa_images/1566.jpg,20x29,580,120,120
chartqa_images/1567.jpg,20x29,580,120,120
chartqa_images/1568.jpg,20x29,580,120,120
chartqa_images/1569.jpg,20x29,580,120,120
chartqa_images/1570.jpg,20x29,580,120,120
chartqa_images/1571.jpg,20x29,580,120,120
chartqa_images/1572.jpg,20x29,580,120,120
chartqa_images/1573.jpg,20x29,580,120,120
chartqa_images/1574.jpg,20x29,580,120,120
chartqa_images/1575.jpg,20x29,580,120,120
chartqa_images/1576.jpg,22x29,638,132,132
chartqa_images/1577.jpg,20x29,580,120,120
chartqa_images/1578.jpg,20x29,580,120,120
chartqa_images/1579.jpg,35x29,1015,210,210
chartqa_images/1580.jpg,20x29,580,120,120
chartqa_images/1581.jpg,20x29,580,120,120
chartqa_images/1582.jpg,20x29,580,120,120
chartqa_images/1583.jpg,20x29,580,120,120
chartqa_images/1584.jpg,20x29,580,120,120
chartqa_images/1585.jpg,20x29,580,120,120
chartqa_images/1586.jpg,20x29,580,120,120
chartqa_images/1587.jpg,20x29,580,120,120
chartqa_images/1588.jpg,20x29,580,120,120
chartqa_images/1589.jpg,20x29,580,120,120
chartqa_images/1590.jpg,20x29,580,120,120
chartqa_images/1591.jpg,20x29,580,120,120
chartqa_images/1592.jpg,26x29,754,156,156
chartqa_images/1593.jpg,26x29,754,156,156
chartqa_images/1594.jpg,20x29,580,120,120
chartqa_images/1595.jpg,20x29,580,120,120
chartqa_images/1596.jpg,20x29,580,120,120
chartqa_images/1597.jpg,20x29,580,120,120
chartqa_images/1598.jpg,20x29,580,120,120
chartqa_images/1599.jpg,26x29,754,156,156
chartqa_images/1600.jpg,20x29,580,120,120
chartqa_images/1601.jpg,20x29,580,120,120
chartqa_images/1602.jpg,20x29,580,120,120
chartqa_images/1603.jpg,20x29,580,120,120
chartqa_images/1604.jpg,20x29,580,120,120
chartqa_images/1605.jpg,20x29,580,120,120
chartqa_images/1606.jpg,20x29,580,120,120
chartqa_images/1607.jpg,20x29,580,120,120
chartqa_images/1608.jpg,20x29,580,120,120
chartqa_images/1609.jpg,20x29,580,120,120
chartqa_images/1610.jpg,20x29,580,120,120
chartqa_images/1611.jpg,30x29,870,180,180
chartqa_images/1612.jpg,27x29,783,162,162
chartqa_images/1613.jpg,20x29,580,120,120
chartqa_images/1614.jpg,20x29,580,120,120
chartqa_images/1615.jpg,20x29,580,120,120
chartqa_images/1616.jpg,35x29,1015,210,210
chartqa_images/1617.jpg,20x29,580,120,120
chartqa_images/1618.jpg,20x29,580,120,120
chartqa_images/1619.jpg,20x29,580,120,120
chartqa_images/1620.jpg,20x29,580,120,120
chartqa_images/1621.jpg,20x29,580,120,120
chartqa_images/1622.jpg,20x29,580,120,120
chartqa_images/1623.jpg,20x29,580,120,120
chartqa_images/1624.jpg,35x29,1015,210,210
chartqa_images/1625.jpg,20x29,580,120,120
chartqa_images/1626.jpg,22x29,638,132,132
chartqa_images/1627.jpg,20x29,580,120,120
chartqa_images/1628.jpg,20x29,580,120,120
chartqa_images/1629.jpg,20x29,580,120,120
chartqa_images/1630.jpg,34x29,986,204,204
chartqa_images/1631.jpg,34x29,986,204,204
chartqa_images/1632.jpg,20x29,580,120,120
chartqa_images/1633.jpg,20x29,580,120,120
chartqa_images/1634.jpg,20x29,580,120,120
chartqa_images/1635.jpg,20x29,580,120,120
chartqa_images/1636.jpg,20x29,580,120,120
chartqa_images/1637.jpg,20x29,580,120,120
chartqa_images/1638.jpg,20x29,580,120,120
chartqa_images/1639.jpg,20x29,580,120,120
chartqa_images/1640.jpg,20x29,580,120,120
chartqa_images/1641.jpg,20x29,580,120,120
chartqa_images/1642.jpg,20x29,580,120,120
chartqa_images/1643.jpg,20x29,580,120,120
chartqa_images/1644.jpg,20x29,580,120,120
chartqa_images/1645.jpg,20x29,580,120,120
chartqa_images/1646.jpg,20x29,580,120,120
chartqa_images/1647.jpg,20x29,580,120,120
chartqa_images/1648.jpg,20x29,580,120,120
chartqa_images/1649.jpg,20x29,580,120,120
chartqa_images/1650.jpg,20x29,580,120,120
chartqa_images/1651.jpg,20x29,580,120,120
chartqa_images/1652.jpg,20x29,580,120,120
chartqa_images/1653.jpg,20x29,580,120,120
chartqa_images/1654.jpg,20x29,580,120,120
chartqa_images/1655.jpg,20x29,580,120,120
chartqa_images/1656.jpg,20x29,580,120,120
chartqa_images/1657.jpg,20x29,580,120,120
chartqa_images/1658.jpg,20x29,580,120,120
chartqa_images/1659.jpg,20x29,580,120,120
chartqa_images/1660.jpg,20x29,580,120,120
chartqa_images/1661.jpg,20x29,580,120,120
chartqa_images/1662.jpg,20x29,580,120,120
chartqa_images/1663.jpg,20x29,580,120,120
chartqa_images/1664.jpg,20x29,580,120,120
chartqa_images/1665.jpg,20x29,580,120,120
chartqa_images/1666.jpg,20x29,580,120,120
chartqa_images/1667.jpg,20x29,580,120,120
chartqa_images/1668.jpg,20x29,580,120,120
chartqa_images/1669.jpg,20x29,580,120,120
chartqa_images/1670.jpg,20x29,580,120,120
chartqa_images/1671.jpg,26x29,754,156,156
chartqa_images/1672.jpg,26x29,754,156,156
chartqa_images/1673.jpg,26x29,754,156,156
chartqa_images/1674.jpg,20x29,580,120,120
chartqa_images/1675.jpg,35x29,1015,210,210
chartqa_images/1676.jpg,35x29,1015,210,210
chartqa_images/1677.jpg,20x29,580,120,120
chartqa_images/1678.jpg,20x29,580,120,120
chartqa_images/1679.jpg,20x29,580,120,120
chartqa_images/1680.jpg,20x29,580,120,120
chartqa_images/1681.jpg,20x29,580,120,120
chartqa_images/1682.jpg,20x29,580,120,120
chartqa_images/1683.jpg,20x29,580,120,120
chartqa_images/1684.jpg,28x29,812,168,168
chartqa_images/1685.jpg,20x29,580,120,120
chartqa_images/1686.jpg,20x29,580,120,120
chartqa_images/1687.jpg,20x29,580,120,120
chartqa_images/1688.jpg,20x29,580,120,120
chartqa_images/1689.jpg,20x29,580,120,120
chartqa_images/1690.jpg,20x29,580,120,120
chartqa_images/1691.jpg,20x29,580,120,120
chartqa_images/1692.jpg,20x29,580,120,120
chartqa_images/1693.jpg,20x29,580,120,120
chartqa_images/1694.jpg,20x29,580,120,120
chartqa_images/1695.jpg,20x29,580,120,120
chartqa_images/1696.jpg,20x29,580,120,120
chartqa_images/1697.jpg,20x29,580,120,120
chartqa_images/1698.jpg,50x29,1450,300,300
chartqa_images/1699.jpg,20x29,580,120,120
chartqa_images/1700.jpg,52x29,1508,312,312
chartqa_images/1701.jpg,20x29,580,120,120
chartqa_images/1702.jpg,20x29,580,120,120
chartqa_images/1703.jpg,20x29,580,120,120
chartqa_images/1704.jpg,29x29,841,174,174
chartqa_images/1705.jpg,20x29,580,120,120
chartqa_images/1706.jpg,20x29,580,120,120
chartqa_images/1707.jpg,20x29,580,120,120
chartqa_images/1708.jpg,26x29,754,156,156
chartqa_images/1709.jpg,26x29,754,156,156
chartqa_images/1710.jpg,20x29,580,120,120
chartqa_images/1711.jpg,20x29,580,120,120
chartqa_images/1712.jpg,20x29,580,120,120
chartqa_images/1713.jpg,20x29,580,120,120
chartqa_images/1714.jpg,20x29,580,120,120
chartqa_images/1715.jpg,20x29,580,120,120
chartqa_images/1716.jpg,20x29,580,120,120
chartqa_images/1717.jpg,20x29,580,120,120
chartqa_images/1718.jpg,20x29,580,120,120
chartqa_images/1719.jpg,20x29,580,120,120
chartqa_images/1720.jpg,20x29,580,120,120
chartqa_images/1721.jpg,20x29,580,120,120
chartqa_images/1722.jpg,20x29,580,120,120
chartqa_images/1723.jpg,20x29,580,120,120
chartqa_images/1724.jpg,20x29,580,120,120
chartqa_images/1725.jpg,20x29,580,120,120
chartqa_images/1726.jpg,20x29,580,120,120
chartqa_images/1727.jpg,20x29,580,120,120
chartqa_images/1728.jpg,20x29,580,120,120
chartqa_images/1729.jpg,20x29,580,120,120
chartqa_images/1730.jpg,20x29,580,120,120
chartqa_images/1731.jpg,36x29,1044,216,216
chartqa_images/1732.jpg,20x29,580,120,120
chartqa_images/1733.jpg,20x29,580,120,120
chartqa_images/1734.jpg,20x29,580,120,120
chartqa_images/1735.jpg,20x29,580,120,120
chartqa_images/1736.jpg,20x29,580,120,120
chartqa_images/1737.jpg,20x29,580,120,120
chartqa_images/1738.jpg,20x29,580,120,120
chartqa_images/1739.jpg,20x29,580,120,120
chartqa_images/1740.jpg,20x29,580,120,120
chartqa_images/1741.jpg,20x29,580,120,120
chartqa_images/1742.jpg,20x29,580,120,120
chartqa_images/1743.jpg,20x29,580,120,120
chartqa_images/1744.jpg,20x29,580,120,120
chartqa_images/1745.jpg,20x29,580,120,120
chartqa_images/1746.jpg,20x29,580,120,120
chartqa_images/1747.jpg,20x29,580,120,120
chartqa_images/1748.jpg,20x29,580,120,120
chartqa_images/1749.jpg,20x29,580,120,120
chartqa_images/1750.jpg,20x29,580,120,120
chartqa_images/1751.jpg,20x29,580,120,120
chartqa_images/1752.jpg,20x29,580,120,120
chartqa_images/1753.jpg,20x29,580,120,120
chartqa_images/1754.jpg,20x29,580,120,120
chartqa_images/1755.jpg,20x29,580,120,120
chartqa_images/1756.jpg,20x29,580,120,120
chartqa_images/1757.jpg,20x29,580,120,120
chartqa_images/1758.jpg,20x29,580,120,120
chartqa_images/1759.jpg,37x29,1073,222,222
chartqa_images/1760.jpg,37x29,1073,222,222
chartqa_images/1761.jpg,46x29,1334,276,276
chartqa_images/1762.jpg,46x29,1334,276,276
chartqa_images/1763.jpg,20x29,580,120,120
chartqa_images/1764.jpg,35x29,1015,210,210
chartqa_images/1765.jpg,20x29,580,120,120
chartqa_images/1766.jpg,20x29,580,120,120
chartqa_images/1767.jpg,20x29,580,120,120
chartqa_images/1768.jpg,20x29,580,120,120
chartqa_images/1769.jpg,33x29,957,198,198
chartqa_images/1770.jpg,20x29,580,120,120
chartqa_images/1771.jpg,20x29,580,120,120
chartqa_images/1772.jpg,20x29,580,120,120
chartqa_images/1773.jpg,20x29,580,120,120
chartqa_images/1774.jpg,20x29,580,120,120
chartqa_images/1775.jpg,20x29,580,120,120
chartqa_images/1776.jpg,20x29,580,120,120
chartqa_images/1777.jpg,20x29,580,120,120
chartqa_images/1778.jpg,20x29,580,120,120
chartqa_images/1779.jpg,20x29,580,120,120
chartqa_images/1780.jpg,20x29,580,120,120
chartqa_images/1781.jpg,20x29,580,120,120
chartqa_images/1782.jpg,20x29,580,120,120
chartqa_images/1783.jpg,20x29,580,120,120
chartqa_images/1784.jpg,20x29,580,120,120
chartqa_images/1785.jpg,20x29,580,120,120
chartqa_images/1786.jpg,20x29,580,120,120
chartqa_images/1787.jpg,20x29,580,120,120
chartqa_images/1788.jpg,20x29,580,120,120
chartqa_images/1789.jpg,20x29,580,120,120
chartqa_images/1790.jpg,20x29,580,120,120
chartqa_images/1791.jpg,20x29,580,120,120
chartqa_images/1792.jpg,20x29,580,120,120
chartqa_images/1793.jpg,20x29,580,120,120
chartqa_images/1794.jpg,20x29,580,120,120
chartqa_images/1795.jpg,20x29,580,120,120
chartqa_images/1796.jpg,20x29,580,120,120
chartqa_images/1797.jpg,20x29,580,120,120
chartqa_images/1798.jpg,20x29,580,120,120
chartqa_images/1799.jpg,20x29,580,120,120
chartqa_images/1800.jpg,46x29,1334,276,276
chartqa_images/1801.jpg,28x29,812,168,168
chartqa_images/1802.jpg,20x29,580,120,120
chartqa_images/1803.jpg,20x29,580,120,120
chartqa_images/1804.jpg,46x29,1334,276,276
chartqa_images/1805.jpg,46x29,1334,276,276
chartqa_images/1806.jpg,46x29,1334,276,276
chartqa_images/1807.jpg,20x29,580,120,120
chartqa_images/1808.jpg,20x29,580,120,120
chartqa_images/1809.jpg,20x29,580,120,120
chartqa_images/1810.jpg,20x29,580,120,120
chartqa_images/1811.jpg,20x29,580,120,120
chartqa_images/1812.jpg,20x29,580,120,120
chartqa_images/1813.jpg,20x29,580,120,120
chartqa_images/1814.jpg,20x29,580,120,120
chartqa_images/1815.jpg,20x29,580,120,120
chartqa_images/1816.jpg,20x29,580,120,120
chartqa_images/1817.jpg,20x29,580,120,120
chartqa_images/1818.jpg,20x29,580,120,120
chartqa_images/1819.jpg,20x29,580,120,120
chartqa_images/1820.jpg,20x29,580,120,120
chartqa_images/1821.jpg,20x29,580,120,120
chartqa_images/1822.jpg,20x29,580,120,120
chartqa_images/1823.jpg,20x29,580,120,120
chartqa_images/1824.jpg,20x29,580,120,120
chartqa_images/1825.jpg,20x29,580,120,120
chartqa_images/1826.jpg,20x29,580,120,120
chartqa_images/1827.jpg,20x29,580,120,120
chartqa_images/1828.jpg,20x29,580,120,120
chartqa_images/1829.jpg,20x29,580,120,120
chartqa_images/1830.jpg,20x29,580,120,120
chartqa_images/1831.jpg,20x29,580,120,120
chartqa_images/1832.jpg,20x29,580,120,120
chartqa_images/1833.jpg,20x29,580,120,120
chartqa_images/1834.jpg,20x29,580,120,120
chartqa_images/1835.jpg,33x29,957,198,198
chartqa_images/1836.jpg,20x29,580,120,120
chartqa_images/1837.jpg,35x29,1015,210,210
chartqa_images/1838.jpg,20x29,580,120,120
chartqa_images/1839.jpg,20x29,580,120,120
chartqa_images/1840.jpg,22x29,638,132,132
chartqa_images/1841.jpg,20x29,580,120,120
chartqa_images/1842.jpg,20x29,580,120,120
chartqa_images/1843.jpg,20x29,580,120,120
chartqa_images/1844.jpg,20x29,580,120,120
chartqa_images/1845.jpg,20x29,580,120,120
chartqa_images/1846.jpg,20x29,580,120,120
chartqa_images/1847.jpg,20x29,580,120,120
chartqa_images/1848.jpg,20x29,580,120,120
chartqa_images/1849.jpg,20x29,580,120,120
chartqa_images/1850.jpg,38x29,1102,228,228
chartqa_images/1851.jpg,38x29,1102,228,228
chartqa_images/1852.jpg,20x29,580,120,120
chartqa_images/1853.jpg,20x29,580,120,120
chartqa_images/1854.jpg,20x29,580,120,120
chartqa_images/1855.jpg,20x29,580,120,120
chartqa_images/1856.jpg,20x29,580,120,120
chartqa_images/1857.jpg,20x29,580,120,120
chartqa_images/1858.jpg,20x29,580,120,120
chartqa_images/1859.jpg,20x29,580,120,120
chartqa_images/1860.jpg,20x29,580,120,120
chartqa_images/1861.jpg,20x29,580,120,120
chartqa_images/1862.jpg,35x29,1015,210,210
chartqa_images/1863.jpg,20x29,580,120,120
chartqa_images/1864.jpg,20x29,580,120,120
chartqa_images/1865.jpg,20x29,580,120,120
chartqa_images/1866.jpg,20x29,580,120,120
chartqa_images/1867.jpg,20x29,580,120,120
chartqa_images/1868.jpg,20x29,580,120,120
chartqa_images/1869.jpg,20x29,580,120,120
chartqa_images/1870.jpg,20x29,580,120,120
chartqa_images/1871.jpg,20x29,580,120,120
chartqa_images/1872.jpg,20x29,580,120,120
chartqa_images/1873.jpg,20x29,580,120,120
chartqa_images/1874.jpg,20x29,580,120,120
chartqa_images/1875.jpg,20x29,580,120,120
chartqa_images/1876.jpg,20x29,580,120,120
chartqa_images/1877.jpg,20x29,580,120,120
chartqa_images/1878.jpg,35x29,1015,210,210
chartqa_images/1879.jpg,20x29,580,120,120
chartqa_images/1880.jpg,20x29,580,120,120
chartqa_images/1881.jpg,20x29,580,120,120
chartqa_images/1882.jpg,20x29,580,120,120
chartqa_images/1883.jpg,35x29,1015,210,210
chartqa_images/1884.jpg,35x29,1015,210,210
chartqa_images/1885.jpg,45x29,1305,270,270
chartqa_images/1886.jpg,20x29,580,120,120
chartqa_images/1887.jpg,20x29,580,120,120
chartqa_images/1888.jpg,20x29,580,120,120
chartqa_images/1889.jpg,20x29,580,120,120
chartqa_images/1890.jpg,20x29,580,120,120
chartqa_images/1891.jpg,20x29,580,120,120
chartqa_images/1892.jpg,20x29,580,120,120
chartqa_images/1893.jpg,20x29,580,120,120
chartqa_images/1894.jpg,20x29,580,120,120
chartqa_images/1895.jpg,20x29,580,120,120
chartqa_images/1896.jpg,28x29,812,168,168
chartqa_images/1897.jpg,28x29,812,168,168
chartqa_images/1898.jpg,29x29,841,174,174
chartqa_images/1899.jpg,20x29,580,120,120
chartqa_images/1900.jpg,20x29,580,120,120
chartqa_images/1901.jpg,20x29,580,120,120
chartqa_images/1902.jpg,20x29,580,120,120
chartqa_images/1903.jpg,20x29,580,120,120
chartqa_images/1904.jpg,20x29,580,120,120
chartqa_images/1905.jpg,20x29,580,120,120
chartqa_images/1906.jpg,20x29,580,120,120
chartqa_images/1907.jpg,20x29,580,120,120
chartqa_images/1908.jpg,62x29,1798,372,372
chartqa_images/1909.jpg,62x29,1798,372,372
chartqa_images/1910.jpg,32x29,928,192,192
chartqa_images/1911.jpg,28x29,812,168,168
chartqa_images/1912.jpg,20x29,580,120,120
chartqa_images/1913.jpg,20x29,580,120,120
chartqa_images/1914.jpg,20x29,580,120,120
chartqa_images/1915.jpg,20x29,580,120,120
chartqa_images/1916.jpg,26x29,754,156,156
chartqa_images/1917.jpg,30x29,870,180,180
chartqa_images/1918.jpg,20x29,580,120,120
chartqa_images/1919.jpg,20x29,580,120,120
chartqa_images/1920.jpg,20x29,580,120,120
chartqa_images/1921.jpg,20x29,580,120,120
chartqa_images/1922.jpg,20x29,580,120,120
chartqa_images/1923.jpg,20x29,580,120,120
chartqa_images/1924.jpg,20x29,580,120,120
chartqa_images/1925.jpg,20x29,580,120,120
chartqa_images/1926.jpg,20x29,580,120,120
chartqa_images/1927.jpg,20x29,580,120,120
chartqa_images/1928.jpg,20x29,580,120,120
chartqa_images/1929.jpg,20x29,580,120,120
chartqa_images/1930.jpg,20x29,580,120,120
chartqa_images/1931.jpg,20x29,580,120,120
chartqa_images/1932.jpg,20x29,580,120,120
chartqa_images/1933.jpg,20x29,580,120,120
chartqa_images/1934.jpg,20x29,580,120,120
chartqa_images/1935.jpg,20x29,580,120,120
chartqa_images/1936.jpg,20x29,580,120,120
chartqa_images/1937.jpg,20x29,580,120,120
chartqa_images/1938.jpg,20x29,580,120,120
chartqa_images/1939.jpg,20x29,580,120,120
chartqa_images/1940.jpg,20x29,580,120,120
chartqa_images/1941.jpg,20x29,580,120,120
chartqa_images/1942.jpg,20x29,580,120,120
chartqa_images/1943.jpg,26x29,754,156,156
chartqa_images/1944.jpg,26x29,754,156,156
chartqa_images/1945.jpg,20x29,580,120,120
chartqa_images/1946.jpg,20x29,580,120,120
chartqa_images/1947.jpg,20x29,580,120,120
chartqa_images/1948.jpg,20x29,580,120,120
chartqa_images/1949.jpg,35x29,1015,210,210
chartqa_images/1950.jpg,20x29,580,120,120
chartqa_images/1951.jpg,20x29,580,120,120
chartqa_images/1952.jpg,20x29,580,120,120
chartqa_images/1953.jpg,20x29,580,120,120
chartqa_images/1954.jpg,20x29,580,120,120
chartqa_images/1955.jpg,20x29,580,120,120
chartqa_images/1956.jpg,20x29,580,120,120
chartqa_images/1957.jpg,20x29,580,120,120
chartqa_images/1958.jpg,20x29,580,120,120
chartqa_images/1959.jpg,20x29,580,120,120
chartqa_images/1960.jpg,20x29,580,120,120
chartqa_images/1961.jpg,20x29,580,120,120
chartqa_images/1962.jpg,20x29,580,120,120
chartqa_images/1963.jpg,20x29,580,120,120
chartqa_images/1964.jpg,20x29,580,120,120
chartqa_images/1965.jpg,20x29,580,120,120
chartqa_images/1966.jpg,20x29,580,120,120
chartqa_images/1967.jpg,20x29,580,120,120
chartqa_images/1968.jpg,20x29,580,120,120
chartqa_images/1969.jpg,20x29,580,120,120
chartqa_images/1970.jpg,20x29,580,120,120
chartqa_images/1971.jpg,20x29,580,120,120
chartqa_images/1972.jpg,20x29,580,120,120
chartqa_images/1973.jpg,20x29,580,120,120
chartqa_images/1974.jpg,20x29,580,120,120
chartqa_images/1975.jpg,20x29,580,120,120
chartqa_images/1976.jpg,20x29,580,120,120
chartqa_images/1977.jpg,35x29,1015,210,210
chartqa_images/1978.jpg,20x29,580,120,120
chartqa_images/1979.jpg,20x29,580,120,120
chartqa_images/1980.jpg,20x29,580,120,120
chartqa_images/1981.jpg,20x29,580,120,120
chartqa_images/1982.jpg,20x29,580,120,120
chartqa_images/1983.jpg,50x29,1450,300,300
chartqa_images/1984.jpg,20x29,580,120,120
chartqa_images/1985.jpg,20x29,580,120,120
chartqa_images/1986.jpg,20x29,580,120,120
chartqa_images/1987.jpg,20x29,580,120,120
chartqa_images/1988.jpg,20x29,580,120,120
chartqa_images/1989.jpg,20x29,580,120,120
chartqa_images/1990.jpg,20x29,580,120,120
chartqa_images/1991.jpg,20x29,580,120,120
chartqa_images/1992.jpg,20x29,580,120,120
chartqa_images/1993.jpg,20x29,580,120,120
chartqa_images/1994.jpg,20x29,580,120,120
chartqa_images/1995.jpg,20x29,580,120,120
chartqa_images/1996.jpg,20x29,580,120,120
chartqa_images/1997.jpg,20x29,580,120,120
chartqa_images/1998.jpg,20x29,580,120,120
chartqa_images/1999.jpg,20x29,580,120,120
chartqa_images/2000.jpg,20x29,580,120,120
chartqa_images/2001.jpg,20x29,580,120,120
chartqa_images/2002.jpg,27x29,783,162,162
chartqa_images/2003.jpg,20x29,580,120,120
chartqa_images/2004.jpg,20x29,580,120,120
chartqa_images/2005.jpg,30x29,870,180,180
chartqa_images/2006.jpg,26x29,754,156,156
chartqa_images/2007.jpg,20x29,580,120,120
chartqa_images/2008.jpg,20x29,580,120,120
chartqa_images/2009.jpg,20x29,580,120,120
chartqa_images/2010.jpg,49x29,1421,294,294
chartqa_images/2011.jpg,49x29,1421,294,294
chartqa_images/2012.jpg,20x29,580,120,120
chartqa_images/2013.jpg,20x29,580,120,120
chartqa_images/2014.jpg,22x29,638,132,132
chartqa_images/2015.jpg,22x29,638,132,132
chartqa_images/2016.jpg,22x29,638,132,132
chartqa_images/2017.jpg,20x29,580,120,120
chartqa_images/2018.jpg,20x29,580,120,120
chartqa_images/2019.jpg,20x29,580,120,120
chartqa_images/2020.jpg,20x29,580,120,120
chartqa_images/2021.jpg,20x29,580,120,120
chartqa_images/2022.jpg,35x29,1015,210,210
chartqa_images/2023.jpg,20x29,580,120,120
chartqa_images/2024.jpg,20x29,580,120,120
chartqa_images/2025.jpg,26x29,754,156,156
chartqa_images/2026.jpg,26x29,754,156,156
chartqa_images/2027.jpg,30x29,870,180,180
chartqa_images/2028.jpg,20x29,580,120,120
chartqa_images/2029.jpg,20x29,580,120,120
chartqa_images/2030.jpg,20x29,580,120,120
chartqa_images/2031.jpg,20x29,580,120,120
chartqa_images/2032.jpg,20x29,580,120,120
chartqa_images/2033.jpg,28x29,812,168,168
chartqa_images/2034.jpg,20x29,580,120,120
chartqa_images/2035.jpg,20x29,580,120,120
chartqa_images/2036.jpg,20x29,580,120,120
chartqa_images/2037.jpg,20x29,580,120,120
chartqa_images/2038.jpg,20x29,580,120,120
chartqa_images/2039.jpg,20x29,580,120,120
chartqa_images/2040.jpg,20x29,580,120,120
chartqa_images/2041.jpg,20x29,580,120,120
chartqa_images/2042.jpg,41x29,1189,246,246
chartqa_images/2043.jpg,20x29,580,120,120
chartqa_images/2044.jpg,20x29,580,120,120
chartqa_images/2045.jpg,20x29,580,120,120
chartqa_images/2046.jpg,20x29,580,120,120
chartqa_images/2047.jpg,20x29,580,120,120
chartqa_images/2048.jpg,20x29,580,120,120
chartqa_images/2049.jpg,20x29,580,120,120
chartqa_images/2050.jpg,20x29,580,120,120
chartqa_images/2051.jpg,20x29,580,120,120
chartqa_images/2052.jpg,20x29,580,120,120
chartqa_images/2053.jpg,26x29,754,156,156
chartqa_images/2054.jpg,20x29,580,120,120
chartqa_images/2055.jpg,20x29,580,120,120
chartqa_images/2056.jpg,20x29,580,120,120
chartqa_images/2057.jpg,26x29,754,156,156
chartqa_images/2058.jpg,26x29,754,156,156
chartqa_images/2059.jpg,20x29,580,120,120
chartqa_images/2060.jpg,20x29,580,120,120
chartqa_images/2061.jpg,20x29,580,120,120
chartqa_images/2062.jpg,20x29,580,120,120
chartqa_images/2063.jpg,47x29,1363,282,282
chartqa_images/2064.jpg,20x29,580,120,120
chartqa_images/2065.jpg,20x29,580,120,120
chartqa_images/2066.jpg,22x29,638,132,132
chartqa_images/2067.jpg,20x29,580,120,120
chartqa_images/2068.jpg,20x29,580,120,120
chartqa_images/2069.jpg,20x29,580,120,120
chartqa_images/2070.jpg,20x29,580,120,120
chartqa_images/2071.jpg,20x29,580,120,120
chartqa_images/2072.jpg,20x29,580,120,120
chartqa_images/2073.jpg,20x29,580,120,120
chartqa_images/2074.jpg,20x29,580,120,120
chartqa_images/2075.jpg,20x29,580,120,120
chartqa_images/2076.jpg,20x29,580,120,120
chartqa_images/2077.jpg,20x29,580,120,120
chartqa_images/2078.jpg,45x29,1305,270,270
chartqa_images/2079.jpg,20x29,580,120,120
chartqa_images/2080.jpg,41x29,1189,246,246
chartqa_images/2081.jpg,20x29,580,120,120
chartqa_images/2082.jpg,20x29,580,120,120
chartqa_images/2083.jpg,20x29,580,120,120
chartqa_images/2084.jpg,20x29,580,120,120
chartqa_images/2085.jpg,20x29,580,120,120
chartqa_images/2086.jpg,20x29,580,120,120
chartqa_images/2087.jpg,20x29,580,120,120
chartqa_images/2088.jpg,20x29,580,120,120
chartqa_images/2089.jpg,30x29,870,180,180
chartqa_images/2090.jpg,20x29,580,120,120
chartqa_images/2091.jpg,20x29,580,120,120
chartqa_images/2092.jpg,20x29,580,120,120
chartqa_images/2093.jpg,20x29,580,120,120
chartqa_images/2094.jpg,22x29,638,132,132
chartqa_images/2095.jpg,20x29,580,120,120
chartqa_images/2096.jpg,35x29,1015,210,210
chartqa_images/2097.jpg,20x29,580,120,120
chartqa_images/2098.jpg,30x29,870,180,180
chartqa_images/2099.jpg,20x29,580,120,120
chartqa_images/2100.jpg,20x29,580,120,120
chartqa_images/2101.jpg,20x29,580,120,120
chartqa_images/2102.jpg,20x29,580,120,120
chartqa_images/2103.jpg,20x29,580,120,120
chartqa_images/2104.jpg,44x29,1276,264,264
chartqa_images/2105.jpg,20x29,580,120,120
chartqa_images/2106.jpg,20x29,580,120,120
chartqa_images/2107.jpg,20x29,580,120,120
chartqa_images/2108.jpg,20x29,580,120,120
chartqa_images/2109.jpg,20x29,580,120,120
chartqa_images/2110.jpg,47x29,1363,282,282
chartqa_images/2111.jpg,47x29,1363,282,282
chartqa_images/2112.jpg,20x29,580,120,120
chartqa_images/2113.jpg,20x29,580,120,120
chartqa_images/2114.jpg,20x29,580,120,120
chartqa_images/2115.jpg,20x29,580,120,120
chartqa_images/2116.jpg,20x29,580,120,120
chartqa_images/2117.jpg,20x29,580,120,120
chartqa_images/2118.jpg,31x29,899,186,186
chartqa_images/2119.jpg,20x29,580,120,120
chartqa_images/2120.jpg,20x29,580,120,120
chartqa_images/2121.jpg,20x29,580,120,120
chartqa_images/2122.jpg,20x29,580,120,120
chartqa_images/2123.jpg,20x29,580,120,120
chartqa_images/2124.jpg,20x29,580,120,120
chartqa_images/2125.jpg,26x29,754,156,156
chartqa_images/2126.jpg,26x29,754,156,156
chartqa_images/2127.jpg,20x29,580,120,120
chartqa_images/2128.jpg,20x29,580,120,120
chartqa_images/2129.jpg,20x29,580,120,120
chartqa_images/2130.jpg,20x29,580,120,120
chartqa_images/2131.jpg,20x29,580,120,120
chartqa_images/2132.jpg,20x29,580,120,120
chartqa_images/2133.jpg,20x29,580,120,120
chartqa_images/2134.jpg,20x29,580,120,120
chartqa_images/2135.jpg,20x29,580,120,120
chartqa_images/2136.jpg,20x29,580,120,120
chartqa_images/2137.jpg,28x29,812,168,168
chartqa_images/2138.jpg,20x29,580,120,120
chartqa_images/2139.jpg,28x29,812,168,168
chartqa_images/2140.jpg,40x29,1160,240,240
chartqa_images/2141.jpg,20x29,580,120,120
chartqa_images/2142.jpg,20x29,580,120,120
chartqa_images/2143.jpg,20x29,580,120,120
chartqa_images/2144.jpg,20x29,580,120,120
chartqa_images/2145.jpg,20x29,580,120,120
chartqa_images/2146.jpg,20x29,580,120,120
chartqa_images/2147.jpg,20x29,580,120,120
chartqa_images/2148.jpg,20x29,580,120,120
chartqa_images/2149.jpg,20x29,580,120,120
chartqa_images/2150.jpg,20x29,580,120,120
chartqa_images/2151.jpg,20x29,580,120,120
chartqa_images/2152.jpg,20x29,580,120,120
chartqa_images/2153.jpg,20x29,580,120,120
chartqa_images/2154.jpg,20x29,580,120,120
chartqa_images/2155.jpg,20x29,580,120,120
chartqa_images/2156.jpg,20x29,580,120,120
chartqa_images/2157.jpg,27x29,783,162,162
chartqa_images/2158.jpg,27x29,783,162,162
chartqa_images/2159.jpg,35x29,1015,210,210
chartqa_images/2160.jpg,35x29,1015,210,210
chartqa_images/2161.jpg,36x29,1044,216,216
chartqa_images/2162.jpg,20x29,580,120,120
chartqa_images/2163.jpg,20x29,580,120,120
chartqa_images/2164.jpg,20x29,580,120,120
chartqa_images/2165.jpg,20x29,580,120,120
chartqa_images/2166.jpg,20x29,580,120,120
chartqa_images/2167.jpg,20x29,580,120,120
chartqa_images/2168.jpg,20x29,580,120,120
chartqa_images/2169.jpg,20x29,580,120,120
chartqa_images/2170.jpg,20x29,580,120,120
chartqa_images/2171.jpg,35x29,1015,210,210
chartqa_images/2172.jpg,20x29,580,120,120
chartqa_images/2173.jpg,20x29,580,120,120
chartqa_images/2174.jpg,20x29,580,120,120
chartqa_images/2175.jpg,20x29,580,120,120
chartqa_images/2176.jpg,20x29,580,120,120
chartqa_images/2177.jpg,20x29,580,120,120
chartqa_images/2178.jpg,20x29,580,120,120
chartqa_images/2179.jpg,20x29,580,120,120
chartqa_images/2180.jpg,20x29,580,120,120
chartqa_images/2181.jpg,20x29,580,120,120
chartqa_images/2182.jpg,20x29,580,120,120
chartqa_images/2183.jpg,20x29,580,120,120
chartqa_images/2184.jpg,20x29,580,120,120
chartqa_images/2185.jpg,20x29,580,120,120
chartqa_images/2186.jpg,20x29,580,120,120
chartqa_images/2187.jpg,20x29,580,120,120
chartqa_images/2188.jpg,20x29,580,120,120
chartqa_images/2189.jpg,20x29,580,120,120
chartqa_images/2190.jpg,20x29,580,120,120
chartqa_images/2191.jpg,20x29,580,120,120
chartqa_images/2192.jpg,20x29,580,120,120
chartqa_images/2193.jpg,20x29,580,120,120
chartqa_images/2194.jpg,20x29,580,120,120
chartqa_images/2195.jpg,20x29,580,120,120
chartqa_images/2196.jpg,20x29,580,120,120
chartqa_images/2197.jpg,20x29,580,120,120
chartqa_images/2198.jpg,20x29,580,120,120
chartqa_images/2199.jpg,20x29,580,120,120
chartqa_images/2200.jpg,20x29,580,120,120
chartqa_images/2201.jpg,20x29,580,120,120
chartqa_images/2202.jpg,20x29,580,120,120
chartqa_images/2203.jpg,20x29,580,120,120
chartqa_images/2204.jpg,20x29,580,120,120
chartqa_images/2205.jpg,20x29,580,120,120
chartqa_images/2206.jpg,20x29,580,120,120
chartqa_images/2207.jpg,20x29,580,120,120
chartqa_images/2208.jpg,20x29,580,120,120
chartqa_images/2209.jpg,20x29,580,120,120
chartqa_images/2210.jpg,20x29,580,120,120
chartqa_images/2211.jpg,20x29,580,120,120
chartqa_images/2212.jpg,20x29,580,120,120
chartqa_images/2213.jpg,20x29,580,120,120
chartqa_images/2214.jpg,20x29,580,120,120
chartqa_images/2215.jpg,20x29,580,120,120
chartqa_images/2216.jpg,20x29,580,120,120
chartqa_images/2217.jpg,20x29,580,120,120
chartqa_images/2218.jpg,20x29,580,120,120
chartqa_images/2219.jpg,20x29,580,120,120
chartqa_images/2220.jpg,20x29,580,120,120
chartqa_images/2221.jpg,20x29,580,120,120
chartqa_images/2222.jpg,20x29,580,120,120
chartqa_images/2223.jpg,20x29,580,120,120
chartqa_images/2224.jpg,20x29,580,120,120
chartqa_images/2225.jpg,20x29,580,120,120
chartqa_images/2226.jpg,20x29,580,120,120
chartqa_images/2227.jpg,20x29,580,120,120
chartqa_images/2228.jpg,20x29,580,120,120
chartqa_images/2229.jpg,20x29,580,120,120
chartqa_images/2230.jpg,20x29,580,120,120
chartqa_images/2231.jpg,20x29,580,120,120
chartqa_images/2232.jpg,20x29,580,120,120
chartqa_images/2233.jpg,20x29,580,120,120
chartqa_images/2234.jpg,20x29,580,120,120
chartqa_images/2235.jpg,20x29,580,120,120
chartqa_images/2236.jpg,20x29,580,120,120
chartqa_images/2237.jpg,34x29,986,204,204
chartqa_images/2238.jpg,20x29,580,120,120
chartqa_images/2239.jpg,35x29,1015,210,210
chartqa_images/2240.jpg,35x29,1015,210,210
chartqa_images/2241.jpg,20x29,580,120,120
chartqa_images/2242.jpg,20x29,580,120,120
chartqa_images/2243.jpg,35x29,1015,210,210
chartqa_images/2244.jpg,20x29,580,120,120
chartqa_images/2245.jpg,20x29,580,120,120
chartqa_images/2246.jpg,20x29,580,120,120
chartqa_images/2247.jpg,20x29,580,120,120
chartqa_images/2248.jpg,20x29,580,120,120
chartqa_images/2249.jpg,20x29,580,120,120
chartqa_images/2250.jpg,30x29,870,180,180
chartqa_images/2251.jpg,44x29,1276,264,264
chartqa_images/2252.jpg,22x29,638,132,132
chartqa_images/2253.jpg,20x29,580,120,120
chartqa_images/2254.jpg,20x29,580,120,120
chartqa_images/2255.jpg,20x29,580,120,120
chartqa_images/2256.jpg,20x29,580,120,120
chartqa_images/2257.jpg,20x29,580,120,120
chartqa_images/2258.jpg,20x29,580,120,120
chartqa_images/2259.jpg,41x29,1189,246,246
chartqa_images/2260.jpg,20x29,580,120,120
chartqa_images/2261.jpg,26x29,754,156,156
chartqa_images/2262.jpg,20x29,580,120,120
chartqa_images/2263.jpg,20x29,580,120,120
chartqa_images/2264.jpg,20x29,580,120,120
chartqa_images/2265.jpg,20x29,580,120,120
chartqa_images/2266.jpg,20x29,580,120,120
chartqa_images/2267.jpg,20x29,580,120,120
chartqa_images/2268.jpg,20x29,580,120,120
chartqa_images/2269.jpg,20x29,580,120,120
chartqa_images/2270.jpg,20x29,580,120,120
chartqa_images/2271.jpg,20x29,580,120,120
chartqa_images/2272.jpg,20x29,580,120,120
chartqa_images/2273.jpg,20x29,580,120,120
chartqa_images/2274.jpg,20x29,580,120,120
chartqa_images/2275.jpg,20x29,580,120,120
chartqa_images/2276.jpg,20x29,580,120,120
chartqa_images/2277.jpg,20x29,580,120,120
chartqa_images/2278.jpg,20x29,580,120,120
chartqa_images/2279.jpg,20x29,580,120,120
chartqa_images/2280.jpg,20x29,580,120,120
chartqa_images/2281.jpg,20x29,580,120,120
chartqa_images/2282.jpg,38x29,1102,228,228
chartqa_images/2283.jpg,20x29,580,120,120
chartqa_images/2284.jpg,20x29,580,120,120
chartqa_images/2285.jpg,20x29,580,120,120
chartqa_images/2286.jpg,34x29,986,204,204
chartqa_images/2287.jpg,20x29,580,120,120
chartqa_images/2288.jpg,20x29,580,120,120
chartqa_images/2289.jpg,20x29,580,120,120
chartqa_images/2290.jpg,20x29,580,120,120
chartqa_images/2291.jpg,20x29,580,120,120
chartqa_images/2292.jpg,20x29,580,120,120
chartqa_images/2293.jpg,20x29,580,120,120
chartqa_images/2294.jpg,30x29,870,180,180
chartqa_images/2295.jpg,20x29,580,120,120
chartqa_images/2296.jpg,20x29,580,120,120
chartqa_images/2297.jpg,20x29,580,120,120
chartqa_images/2298.jpg,20x29,580,120,120
chartqa_images/2299.jpg,20x29,580,120,120
chartqa_images/2300.jpg,20x29,580,120,120
chartqa_images/2301.jpg,29x29,841,174,174
chartqa_images/2302.jpg,20x29,580,120,120
chartqa_images/2303.jpg,20x29,580,120,120
chartqa_images/2304.jpg,20x29,580,120,120
chartqa_images/2305.jpg,20x29,580,120,120
chartqa_images/2306.jpg,20x29,580,120,120
chartqa_images/2307.jpg,20x29,580,120,120
chartqa_images/2308.jpg,20x29,580,120,120
chartqa_images/2309.jpg,22x29,638,132,132
chartqa_images/2310.jpg,20x29,580,120,120
chartqa_images/2311.jpg,20x29,580,120,120
chartqa_images/2312.jpg,26x29,754,156,156
chartqa_images/2313.jpg,20x29,580,120,120
chartqa_images/2314.jpg,28x29,812,168,168
chartqa_images/2315.jpg,20x29,580,120,120
chartqa_images/2316.jpg,20x29,580,120,120
chartqa_images/2317.jpg,20x29,580,120,120
chartqa_images/2318.jpg,20x29,580,120,120
chartqa_images/2319.jpg,20x29,580,120,120
chartqa_images/2320.jpg,20x29,580,120,120
chartqa_images/2321.jpg,20x29,580,120,120
chartqa_images/2322.jpg,20x29,580,120,120
chartqa_images/2323.jpg,20x29,580,120,120
chartqa_images/2324.jpg,20x29,580,120,120
chartqa_images/2325.jpg,20x29,580,120,120
chartqa_images/2326.jpg,20x29,580,120,120
chartqa_images/2327.jpg,20x29,580,120,120
chartqa_images/2328.jpg,20x29,580,120,120
chartqa_images/2329.jpg,20x29,580,120,120
chartqa_images/2330.jpg,20x29,580,120,120
chartqa_images/2331.jpg,30x29,870,180,180
chartqa_images/2332.jpg,30x29,870,180,180
chartqa_images/2333.jpg,20x29,580,120,120
chartqa_images/2334.jpg,20x29,580,120,120
chartqa_images/2335.jpg,20x29,580,120,120
chartqa_images/2336.jpg,20x29,580,120,120
chartqa_images/2337.jpg,20x29,580,120,120
chartqa_images/2338.jpg,20x29,580,120,120
chartqa_images/2339.jpg,20x29,580,120,120
chartqa_images/2340.jpg,20x29,580,120,120
chartqa_images/2341.jpg,35x29,1015,210,210
chartqa_images/2342.jpg,35x29,1015,210,210
chartqa_images/2343.jpg,35x29,1015,210,210
chartqa_images/2344.jpg,35x29,1015,210,210
chartqa_images/2345.jpg,20x29,580,120,120
chartqa_images/2346.jpg,20x29,580,120,120
chartqa_images/2347.jpg,20x29,580,120,120
chartqa_images/2348.jpg,20x29,580,120,120
chartqa_images/2349.jpg,20x29,580,120,120
chartqa_images/2350.jpg,20x29,580,120,120
chartqa_images/2351.jpg,59x29,1711,354,354
chartqa_images/2352.jpg,20x29,580,120,120
chartqa_images/2353.jpg,20x29,580,120,120
chartqa_images/2354.jpg,20x29,580,120,120
chartqa_images/2355.jpg,20x29,580,120,120
chartqa_images/2356.jpg,20x29,580,120,120
chartqa_images/2357.jpg,20x29,580,120,120
chartqa_images/2358.jpg,20x29,580,120,120
chartqa_images/2359.jpg,20x29,580,120,120
chartqa_images/2360.jpg,20x29,580,120,120
chartqa_images/2361.jpg,20x29,580,120,120
chartqa_images/2362.jpg,20x29,580,120,120
chartqa_images/2363.jpg,20x29,580,120,120
chartqa_images/2364.jpg,20x29,580,120,120
chartqa_images/2365.jpg,20x29,580,120,120
chartqa_images/2366.jpg,20x29,580,120,120
chartqa_images/2367.jpg,30x29,870,180,180
chartqa_images/2368.jpg,20x29,580,120,120
chartqa_images/2369.jpg,20x29,580,120,120
chartqa_images/2370.jpg,20x29,580,120,120
chartqa_images/2371.jpg,20x29,580,120,120
chartqa_images/2372.jpg,20x29,580,120,120
chartqa_images/2373.jpg,20x29,580,120,120
chartqa_images/2374.jpg,20x29,580,120,120
chartqa_images/2375.jpg,20x29,580,120,120
chartqa_images/2376.jpg,20x29,580,120,120
chartqa_images/2377.jpg,20x29,580,120,120
chartqa_images/2378.jpg,20x29,580,120,120
chartqa_images/2379.jpg,20x29,580,120,120
chartqa_images/2380.jpg,20x29,580,120,120
chartqa_images/2381.jpg,20x29,580,120,120
chartqa_images/2382.jpg,20x29,580,120,120
chartqa_images/2383.jpg,20x29,580,120,120
chartqa_images/2384.jpg,20x29,580,120,120
chartqa_images/2385.jpg,20x29,580,120,120
chartqa_images/2386.jpg,35x29,1015,210,210
chartqa_images/2387.jpg,20x29,580,120,120
chartqa_images/2388.jpg,20x29,580,120,120
chartqa_images/2389.jpg,40x29,1160,240,240
chartqa_images/2390.jpg,20x29,580,120,120
chartqa_images/2391.jpg,38x29,1102,228,228
chartqa_images/2392.jpg,20x29,580,120,120
chartqa_images/2393.jpg,20x29,580,120,120
chartqa_images/2394.jpg,20x29,580,120,120
chartqa_images/2395.jpg,20x29,580,120,120
chartqa_images/2396.jpg,20x29,580,120,120
chartqa_images/2397.jpg,20x29,580,120,120
chartqa_images/2398.jpg,59x29,1711,354,354
chartqa_images/2399.jpg,20x29,580,120,120
chartqa_images/2400.jpg,20x29,580,120,120
chartqa_images/2401.jpg,20x29,580,120,120
chartqa_images/2402.jpg,20x29,580,120,120
chartqa_images/2403.jpg,20x29,580,120,120
chartqa_images/2404.jpg,27x29,783,162,162
chartqa_images/2405.jpg,31x29,899,186,186
chartqa_images/2406.jpg,31x29,899,186,186
chartqa_images/2407.jpg,31x29,899,186,186
chartqa_images/2408.jpg,20x29,580,120,120
chartqa_images/2409.jpg,20x29,580,120,120
chartqa_images/2410.jpg,20x29,580,120,120
chartqa_images/2411.jpg,20x29,580,120,120
chartqa_images/2412.jpg,48x29,1392,288,288
chartqa_images/2413.jpg,20x29,580,120,120
chartqa_images/2414.jpg,20x29,580,120,120
chartqa_images/2415.jpg,20x29,580,120,120
chartqa_images/2416.jpg,20x29,580,120,120
chartqa_images/2417.jpg,20x29,580,120,120
chartqa_images/2418.jpg,20x29,580,120,120
chartqa_images/2419.jpg,20x29,580,120,120
chartqa_images/2420.jpg,20x29,580,120,120
chartqa_images/2421.jpg,20x29,580,120,120
chartqa_images/2422.jpg,20x29,580,120,120
chartqa_images/2423.jpg,20x29,580,120,120
chartqa_images/2424.jpg,20x29,580,120,120
chartqa_images/2425.jpg,20x29,580,120,120
chartqa_images/2426.jpg,20x29,580,120,120
chartqa_images/2427.jpg,52x29,1508,312,312
chartqa_images/2428.jpg,20x29,580,120,120
chartqa_images/2429.jpg,20x29,580,120,120
chartqa_images/2430.jpg,20x29,580,120,120
chartqa_images/2431.jpg,20x29,580,120,120
chartqa_images/2432.jpg,20x29,580,120,120
chartqa_images/2433.jpg,20x29,580,120,120
chartqa_images/2434.jpg,20x29,580,120,120
chartqa_images/2435.jpg,20x29,580,120,120
chartqa_images/2436.jpg,20x29,580,120,120
chartqa_images/2437.jpg,20x29,580,120,120
chartqa_images/2438.jpg,20x29,580,120,120
chartqa_images/2439.jpg,32x29,928,192,192
chartqa_images/2440.jpg,32x29,928,192,192
chartqa_images/2441.jpg,32x29,928,192,192
chartqa_images/2442.jpg,20x29,580,120,120
chartqa_images/2443.jpg,20x29,580,120,120
chartqa_images/2444.jpg,20x29,580,120,120
chartqa_images/2445.jpg,41x29,1189,246,246
chartqa_images/2446.jpg,20x29,580,120,120
chartqa_images/2447.jpg,20x29,580,120,120
chartqa_images/2448.jpg,35x29,1015,210,210
chartqa_images/2449.jpg,20x29,580,120,120
chartqa_images/2450.jpg,20x29,580,120,120
chartqa_images/2451.jpg,20x29,580,120,120
chartqa_images/2452.jpg,20x29,580,120,120
chartqa_images/2453.jpg,20x29,580,120,120
chartqa_images/2454.jpg,20x29,580,120,120
chartqa_images/2455.jpg,28x29,812,168,168
chartqa_images/2456.jpg,52x29,1508,312,312
chartqa_images/2457.jpg,20x29,580,120,120
chartqa_images/2458.jpg,20x29,580,120,120
chartqa_images/2459.jpg,20x29,580,120,120
chartqa_images/2460.jpg,43x29,1247,258,258
chartqa_images/2461.jpg,20x29,580,120,120
chartqa_images/2462.jpg,20x29,580,120,120
chartqa_images/2463.jpg,20x29,580,120,120
chartqa_images/2464.jpg,20x29,580,120,120
chartqa_images/2465.jpg,20x29,580,120,120
chartqa_images/2466.jpg,20x29,580,120,120
chartqa_images/2467.jpg,20x29,580,120,120
chartqa_images/2468.jpg,20x29,580,120,120
chartqa_images/2469.jpg,20x29,580,120,120
chartqa_images/2470.jpg,20x29,580,120,120
chartqa_images/2471.jpg,20x29,580,120,120
chartqa_images/2472.jpg,20x29,580,120,120
chartqa_images/2473.jpg,20x29,580,120,120
chartqa_images/2474.jpg,20x29,580,120,120
chartqa_images/2475.jpg,20x29,580,120,120
chartqa_images/2476.jpg,20x29,580,120,120
chartqa_images/2477.jpg,26x29,754,156,156
chartqa_images/2478.jpg,26x29,754,156,156
chartqa_images/2479.jpg,20x29,580,120,120
chartqa_images/2480.jpg,20x29,580,120,120
chartqa_images/2481.jpg,20x29,580,120,120
chartqa_images/2482.jpg,20x29,580,120,120
chartqa_images/2483.jpg,20x29,580,120,120
chartqa_images/2484.jpg,20x29,580,120,120
chartqa_images/2485.jpg,20x29,580,120,120
chartqa_images/2486.jpg,20x29,580,120,120
chartqa_images/2487.jpg,20x29,580,120,120
chartqa_images/2488.jpg,20x29,580,120,120
chartqa_images/2489.jpg,34x29,986,204,204
chartqa_images/2490.jpg,20x29,580,120,120
chartqa_images/2491.jpg,20x29,580,120,120
chartqa_images/2492.jpg,20x29,580,120,120
chartqa_images/2493.jpg,20x29,580,120,120
chartqa_images/2494.jpg,20x29,580,120,120
chartqa_images/2495.jpg,20x29,580,120,120
chartqa_images/2496.jpg,20x29,580,120,120
chartqa_images/2497.jpg,20x29,580,120,120
chartqa_images/2498.jpg,20x29,580,120,120
chartqa_images/2499.jpg,36x29,1044,216,216
chartqa_images/2500.jpg,36x29,1044,216,216
